user_id,first_name,last_name,phone_number,country_name,province,role,street_address,password
1,Abbie,Ken,508 420-3608,China,Guangdong,consumer,Guangdong Gongzhuling,6VzqqlGiL
2,Abbott,Leslie,769 044-5994,China,Guangxi,staff,Guangxi Renhuai,eBmQCZ3vw
3,Abe,Jesse,701 801-2284,Belize,International,consumer,International Belmopan,ZViF6BBdA1k
4,Abigail,Jeffrey,305 985-4508,China,Shanghai,consumer,Shanghai Donggang,0Jt7tpru
5,Ada,Larissa,760 795-2705,Yemen,International,consumer,International Sana'a,TvQNh4E
6,Addison,Delightful,580 871-8090,China,Ningxia,consumer,Ningxia Fuzhou,9rBRpFYJSR
7,Adelaide,Kara,787 389-1388,China,Tianjin,consumer,Tianjin Huaihua,F1Nr5pKxHu
8,Adele,Marc,351 426-6137,China,Sichuan,consumer,Sichuan Tianjin,4dWIrTQJ
9,Adrian,Beloved,414 520-4074,China,Shaanxi,consumer,Shaanxi Guilin,BoqW6q7L
10,Adrienne,Royce,229 411-9605,China,Xinjiang,consumer,Xinjiang Jiujiang,XrUtmVzorF94
11,Agatha,Lambert,806 121-4328,China,Shanxi,consumer,Shanxi Jingzhou,zeSXDOzjQJg
12,Agnes,Konrad,867 175-8841,China,Macau,consumer,Macau Danzhou,HOS77L
13,Aiken,Gifted,770 599-7225,Antigua and Barbuda,International,consumer,International St. John's,exozNTwAHGJt
14,Aileen,Katrina,806 362-7548,United States,International,consumer,International San Francisco,tcF81UQ
15,Ainsley,Wayne,601 842-6439,China,Tibet,consumer,Tibet Changge,dKqblYb
16,Al,Doyle,626 626-3319,China,Anhui,consumer,Anhui Enshi,KPeDFqXD
17,Alan,Eli,303 003-3647,China,Shanghai,consumer,Shanghai Yixing,wUakXcA
18,Alana,Verda,586 611-8476,China,Hunan,consumer,Hunan Anda,AstNPOgbtl
19,Alaric,Kelvin,573 389-6395,Jordan,International,consumer,International Amman,fTkopWiwH
20,Alban,Luciana,236 719-4630,China,Ningxia,staff,Ningxia Tongren,8TVQtMAO3
21,Albert,Erik,904 294-0710,United States,International,consumer,International San Fernando,2dCsmjvej5JZ
22,Albion,Dillon,309 790-4251,Guinea,International,consumer,International Conakry,d2smq6p
23,Aldrich,Kelsey,937 456-3806,Poland,International,consumer,International Warsaw,ijNOpd7
24,Alec,Monica,956 172-9921,China,Guizhou,consumer,Guizhou Puning,8uTxY6dILNP
25,Alex,Walter,361 268-1616,United States,International,consumer,International Avondale,OX5Kq5gOLUw7
26,Alex,Fox,403 595-8571,China,Sichuan,consumer,Sichuan Suihua,qvVg8WI
27,Alexander,Dalton,904 373-7273,Jamaica,International,consumer,International Kingston,RjHDxixJeqP
28,Alexandra,Kyla,902 813-8462,China,Shaanxi,consumer,Shaanxi Xuchang,J6W1YzOWX
29,Alexis,Pamela,657 072-8753,China,Heilongjiang,consumer,Heilongjiang Ning'an,nu3ECDTgy
30,Alf,Hilda,541 462-0759,China,Tianjin,staff,Tianjin Mengzhou,9tolbaDAu6
31,Alfie,Kerwin,863 036-9895,China,Beijing,consumer,Beijing Dalian,kuXIH7oop
32,Alfred,Supplanter,501 170-6533,China,Qinghai,consumer,Qinghai Wuyishan,XH5B7a
33,Alger,Perfect,458 154-0782,Mozambique,International,consumer,International Maputo,8Rzd0h
34,Algernon,Naomi,407 583-0669,Russia,International,consumer,International Moscow,WUaL9e
35,Alice,Edmund,707 531-8144,China,Jiangsu,consumer,Jiangsu Dongning,xFRqk2
36,Alick,Counsellor,475 188-8114,China,Hebei,consumer,Hebei Xiantao,738zW7U
37,Alina,Delmar,872 647-6705,Serbia,International,consumer,International Belgrade,ShXeXHU
38,Alison,Irving,418 876-6111,China,Tianjin,consumer,Tianjin Fengcheng,XLIkle
39,Allan,Elias,618 225-0005,China,Yunnan,consumer,Yunnan Ruijin,jjJhFyb5P
40,Allen,Hortense,207 789-0582,Saint Kitts and Nevis,International,consumer,International Basseterre,rFcqUxiw
41,Alma,Keene,980 237-1194,China,Tianjin,consumer,Tianjin Lianyungang,5JmFaoxM
42,Alton,Eliza,682 931-4663,China,Qinghai,consumer,Qinghai Benxi,8wlPSjA2V6
43,Alvin,Black,239 183-8257,China,Ningxia,consumer,Ningxia Qian'an,hdSsvKv5fey
44,Amanda,Cheerful,830 478-7692,Egypt,International,consumer,International Cairo,d9Ygk2yVm2Wt
45,Amber,Rosalie,859 894-3934,China,Qinghai,consumer,Qinghai Xiaogan,HM4Yb86y
46,Ambrose,Jewel,281 001-4200,China,Gansu,consumer,Gansu Daye,dbXPtFMk
47,Amelia,Murray,650 130-6688,United States,International,consumer,International San Fernando,M5Dn6qNeKxxI
48,Amy,Renee,641 484-2004,China,Qinghai,consumer,Qinghai Yushu,rVKB43Da
49,Andrea,Ethanael,409 946-4428,China,Xinjiang,consumer,Xinjiang Jiaohe,8L1sYW
50,Andrew,Gloria,681 681-2906,Lithuania,International,consumer,International Vilnius,ZJpQDriZl
51,Andy,Norine,479 896-6952,Cyprus,International,consumer,International Nicosia,IlrH6gJXK6X
52,Angela,Fletcher,406 257-7686,China,Shaanxi,consumer,Shaanxi Jinjiang,9oTmpfnZ3ie3
53,Ann,Beatrice,312 200-1590,China,Shanxi,consumer,Shanxi Hohhot,X4p8UZDfBWxy
54,Annabelle,Lars,216 779-8235,China,Sichuan,consumer,Sichuan Bijie,PmBvPnfZCO
55,Anne,Gavin,650 729-2942,Indonesia,International,consumer,International Madiun,MenJse8ZtVG
56,Anthea,Morris,620 335-0881,China,Yunnan,consumer,Yunnan Qinyang,e2ACEt65A
57,Anthony,Well-Born,431 807-9514,China,Zhejiang,consumer,Zhejiang Xiangcheng,E8AO0thVYyu
58,April,Elaine,706 948-2157,China,Tibet,staff,Tibet Zhangjiakou,3TZttjHe
59,Archer,Marvin,414 513-0885,Country,International,consumer,International City,UkZswWoei8
60,Arlene,Fergal,571 106-9936,China,Guangdong,consumer,Guangdong Yumen,PMhCgArG
61,Armstrong,Briana,626 456-7997,China,Ningxia,consumer,Ningxia Huadian,a3bZAo8beXk
62,Arnold,Garrick,956 438-2184,Kiribati,International,consumer,International South Tarawa,6uxRs6ti6GQ
63,Ashley,Samuel,330 736-3704,China,Inner,consumer,Inner Fuyu,T1V3RjhU
64,Ashley,Fawn,564 737-8409,Iceland,International,consumer,International Reykjavík,SJZ7dOSB
65,Aston,Nerissa,478 356-7969,China,Ningxia,consumer,Ningxia Dashiqiao,vPirvfLYNE1j
66,Atwater,Wanda,330 356-9559,China,Sichuan,consumer,Sichuan Puyang,OlNRKsm
67,Aubrey,Dutiful,838 624-6347,China,Tianjin,consumer,Tianjin Jiaohe,Qf3XW8
68,Audrey,Lorena,636 860-8363,China,Zhejiang,consumer,Zhejiang Taizhou,qAOdrqV
69,Austin,Rupert,380 038-2440,Libya,International,consumer,International Tripoli,RIqbyMfis
70,Ava,Quade,704 208-6102,Malawi,International,consumer,International Lilongwe,uKpehh7BMl
71,Avery,Deborah,661 339-2400,China,Ningxia,consumer,Ningxia Fuqing,BgKbRT65Bf3s
72,Avril,Floyd,301 245-8858,China,Shanghai,consumer,Shanghai Gongqingcheng,pecMAaLhvMp
73,Babs,Ursula,240 170-9537,Angola,International,consumer,International Luanda,xSVh8mXnO
74,Bailey,Donna,361 102-1748,Indonesia,International,consumer,International Kediri,x9j5USe
75,Baldwin,Kent,819 784-5042,China,Gansu,consumer,Gansu Da'an,WJsJHAyPNgM
76,Barbara,Rhoda,336 938-8373,China,Macau,consumer,Macau Shangqiu,QStq2ma
77,Barclay,Rory,782 575-9889,Hungary,International,staff,International Budapest,3E0zvWgmFQ3x
78,Barnaby,Derek,928 436-6140,China,Shandong,consumer,Shandong Bijie,faxPZJ
79,Barrett,Gardener,408 541-4783,Guatemala,International,staff,International Guatemala City,ghhgjWAfDfl
80,Bartholomew,Dominica,984 369-9686,China,Sichuan,consumer,Sichuan Yushu,AAldjmU5S4
81,Barton,Alda,662 383-7227,Germany,International,consumer,International Berlin,JdNAb1VchMap
82,Basil,Wylie,458 485-5618,Armenia,International,consumer,International Yerevan,Cn7qgmz8abp
83,Baxter,Margaret,939 034-1376,China,Zhejiang,staff,Zhejiang Nanxiong,6FLDFVGmcmo0
84,Baz,Bright,901 142-1864,Saint Vincent and the Grenadines,International,consumer,International Kingstown,8u9KYdFrS00M
85,Bea,Earl,410 374-9218,China,Ningxia,staff,Ningxia Lianjiang,LVog0GFDrccv
86,Beatrix,Eugene,336 750-3810,Grenada,International,consumer,International St. George's,M28J8OCrinv
87,Becky,Henrietta,484 902-7009,China,Anhui,consumer,Anhui Fengzhen,4ODU5KbizP
88,Belinda,Tobias,934 229-8075,China,Zhejiang,consumer,Zhejiang Wuzhishan,QnwaXXGW2
89,Bella,Georgia,979 735-2460,China,Tibet,staff,Tibet Xiangcheng,FNLc3Bsa
90,Benedict,Small,843 428-9769,China,Shanxi,consumer,Shanxi Foshan,3AQajEFej
91,Benjamin,Kate,541 167-4321,France,International,consumer,International Paris,gIrmyM1aaN
92,Bennett,Ruler,707 601-2356,South Korea,International,consumer,International Siheung,LzGi94To2y
93,Benson,Monroe,250 381-6410,China,Gansu,consumer,Gansu Yingcheng,IVaXbdhvE
94,Bentley,Mona,702 475-9899,Tajikistan,International,staff,International Dushanbe,MA5auO8ocQ
95,Berkley,Bertina,253 576-0388,Country,International,consumer,International City,YuVuwC7wI
96,Bernard,Edgar,361 257-5885,United States,International,consumer,International Avondale,4SwydRB
97,Bernice,Nadia,812 984-5722,China,Tianjin,consumer,Tianjin Fujin,UeYu5T
98,Berry,Richard,854 456-2451,China,Hubei,consumer,Hubei Leiyang,HhZgcrozE
99,Bert,Regina,903 166-3154,China,Qinghai,consumer,Qinghai Nanning,pvhN1ZU3Bs
100,Bertha,Eva,972 429-7327,China,Hebei,staff,Hebei Guixi,36YrEmLxP8
101,Beryl,Fergus,313 532-6603,China,Sichuan,consumer,Sichuan Leizhou,Xdx2seLBRu1R
102,Bess,Zebediah,667 097-3612,Kyrgyzstan,International,consumer,International Bishkek,AcVz19jhsZ
103,Bet,Tracy,469 515-6039,China,Sichuan,consumer,Sichuan Liuzhou,rEQqaAq
104,Beth,Fenton,435 800-4777,China,Liaoning,consumer,Liaoning Lushan,Ey5Qpv1Olw
105,Bethany,Willard,903 161-9519,China,Henan,consumer,Henan Longnan,suh8V5v
106,Betsy,Desired,917 367-5223,China,Guizhou,consumer,Guizhou Enping,3Of354RmH
107,Betty,Seth,902 757-2047,Guinea,International,consumer,International Conakry,bMqIyV0
108,Beverly,Kenneth,318 301-6642,United States,International,consumer,International San Jacinto,kX2tt5UPbn
109,Bill,Sibyl,726 844-7689,Indonesia,International,consumer,International Batu,V7ft3EE9K3u
110,Blake,Trixie,249 841-1609,China,Shanxi,consumer,Shanxi Renhuai,ymteWftIYtW
111,Blanche,Woodsman,647 901-4008,Marshall Islands,International,consumer,International Majuro,Esv1icx
112,Bob,Marian,917 944-9879,China,Sichuan,consumer,Sichuan Quanzhou,VQevbXppy
113,Bobbie,Malcolm,782 842-1837,China,Tianjin,consumer,Tianjin Dunhuang,vRoS8r03dCE
114,Bobby,Precious,279 031-3324,China,Shaanxi,consumer,Shaanxi Jingjiang,2nm4qiwjHl
115,Bond,Merle,815 041-7300,China,Shaanxi,consumer,Shaanxi Honghu,vG6oiN0PP
116,Bonnie,Jack,831 599-9732,China,Jilin,consumer,Jilin Gaobeidian,zdfOFub
117,Brad,Warren,330 921-6759,Indonesia,International,consumer,International Kediri,HYnKMAZ
118,Bradley,Fairy,231 041-7138,China,Yunnan,consumer,Yunnan Da'an,q5lrc5oEXiN
119,Brenda,Maddox,515 512-2645,China,Guangdong,consumer,Guangdong Yangchun,LQ81aHt
120,Brent,Famous,936 919-7772,China,Qinghai,consumer,Qinghai Heyuan,jgZcOoej
121,Bret,Edan,816 186-3988,China,Qinghai,staff,Qinghai Bengbu,aCCBDrb
122,Brewster,Lee,920 144-8445,China,Shandong,consumer,Shandong Tangshan,sDh5Fi6v9
123,Brian,Truman,262 725-7874,South Korea,International,consumer,International Taebaek,YWU5LWusS
124,Brianne,Solitary,269 656-9587,Algeria,International,consumer,International Algiers,llKx38O
125,Bridget,Helena,513 988-2356,Mongolia,International,consumer,International Ulaanbaatar,0hFEveKH
126,Brigham,Elton,516 697-7534,China,Sichuan,consumer,Sichuan Zhangjiajie,W22DaTmLn
127,Britney,Gwynne,228 413-3488,China,Hong Kong,consumer,Hong Kong Rugao,LMshDux26
128,Brittany,Gilda,940 181-3216,China,Taiwan,consumer,Taiwan Guixi,WiW5hKtU
129,Brooke,Liza,682 248-7283,Kyrgyzstan,International,consumer,International Bishkek,B0n6mFOJH
130,Brooke,Jill,704 169-9956,China,Guangxi,consumer,Guangxi Renhuai,3ERCryePRcJ
131,Bruce,Eagle-Eyed,820 514-7960,Guinea-Bissau,International,consumer,International Bissau,9F8B7BNX4G
132,Bruno,Halden,919 953-4957,China,Hebei,consumer,Hebei Huangshi,ArOxJhj6V
133,Bryant,Ives,747 377-9937,China,Shandong,consumer,Shandong Wu'an,SO33aSzxb
134,Buck,Spring-like,442 239-8501,China,Ningxia,consumer,Ningxia Xinghua,YALXPXwK74cp
135,Bud,Myrtle,703 072-4357,China,Jiangxi,consumer,Jiangxi Zunyi,vyIHUq
136,Burgess,Lauren,519 041-1752,China,Beijing,consumer,Beijing Yima,cMtpzKj2eSYE
137,Burton,Questa,604 822-1542,Brazil,International,consumer,International Brasília,7cJIzSNMZUlw
138,Byron,Sherwin,939 458-8306,China,Gansu,consumer,Gansu Ruijin,RiQMDV5aO
139,Cade,Half-Dane,906 918-9847,China,Guangxi,consumer,Guangxi Nangong,x6tqlQI
140,Caesar,Nell,915 608-5493,China,Shaanxi,consumer,Shaanxi Fuquan,KvkQ0N
141,Caldwell,Lillian,847 064-4029,China,Sichuan,consumer,Sichuan Songyuan,15WOD7EnUN
142,Calvert,Olga,404 000-9252,Sri Lanka,International,consumer,International Sri Jayawardenepura Kotte,uCapBmaEFb8
143,Calvin,One,312 788-1408,China,Guangxi,consumer,Guangxi Nanping,et7ZCVfoMo
144,Camilla,Red,281 243-6734,Nepal,International,consumer,International Kathmandu,pcHylUs
145,Candice,Pleasure,636 184-5098,China,Shanxi,staff,Shanxi Manzhouli,f7pAilysvN
146,Cara,Kirstyn,208 180-5735,China,Shanghai,consumer,Shanghai Yingde,uwqdpkSaWPXl
147,Carissa,Wendy,805 897-5685,China,Tibet,consumer,Tibet Gaozhou,EKMeaf
148,Carl,Frank,819 518-2738,China,Shandong,consumer,Shandong Yidu,JKltlMAEdF
149,Carla,Noel,229 784-6944,China,Shandong,staff,Shandong Xuchang,A8rNVovtI59
150,Carlton,Church,607 063-5397,Vatican City,International,consumer,International Vatican City,ykwiLq4FJ
151,Carly,Luminous,928 205-9037,China,Zhejiang,consumer,Zhejiang Jingzhou,cPpViN
152,Carmel,Beloved,365 988-1277,Ethiopia,International,consumer,International Addis Ababa,OhHY4r4V
153,Carol,Selena,712 001-1741,Haiti,International,consumer,International Port-au-Prince,yMU2yLWUxAOP
154,Caroline,Ursa,619 224-2679,China,Xinjiang,consumer,Xinjiang Yingtan,rnBMpT
155,Carrie,Philomena,762 722-6109,Indonesia,International,consumer,International Banjar,hgFIcF50hkNm
156,Carter,Timekeeper,709 781-0769,China,Ningxia,consumer,Ningxia Nanning,ZujEmYRU4DN
157,Carver,Mercy,272 041-9893,China,Zhejiang,consumer,Zhejiang Tangshan,krcblpy
158,Cary,Vandal,209 288-5646,China,Tibet,consumer,Tibet Shishou,NaEVuOZblCM
159,Casey,Prudent,878 133-1919,China,Shaanxi,consumer,Shaanxi Jian'ou,gJ4xLnQ
160,Cass,Sadie,209 232-9901,China,Inner,consumer,Inner Ergun,hZvrc3IU4V
161,Cassian,Tyler,360 675-2066,China,Fujian,consumer,Fujian Qionghai,AtTyzVuVe
162,Catherine,Garret,302 889-1554,Mozambique,International,consumer,International Maputo,m8BsrTB
163,Cathy,Myra,304 827-7203,China,Shandong,consumer,Shandong Changde,aNTYyR
164,Cecil,Amiable,445 058-7274,Lebanon,International,consumer,International Beirut,TTjtrMWLW
165,Cedric,Paula,226 918-0889,China,Guangdong,consumer,Guangdong Huaihua,h2rDz9Ar8
166,Chad,Fleming,531 076-9129,Indonesia,International,consumer,International Salatiga,4VrPkb
167,Chandler,Driscoll,212 541-6597,Brazil,International,staff,International Brasília,mavFMUApRD0
168,Chapman,Gardner,330 919-6478,China,Shanghai,staff,Shanghai Zhaoqing,1dBw0com6
169,Charis,Willis,509 171-1325,Colombia,International,consumer,International Bogotá,s8ehTpxX
170,Charity,Edmond,413 453-5987,China,Taiwan,consumer,Taiwan Hezuo,yMjM8YHOf9
171,Charlene,Butterfly,323 216-6197,China,Hubei,consumer,Hubei Huangshi,6N3wxMLn
172,Charles,Elijah,817 606-1346,China,Shandong,consumer,Shandong Fuxin,3IsAnb
173,Charlie,Randolph,463 710-9380,Indonesia,International,consumer,International Salatiga,vAO1giV
174,Charlie,Russell,905 083-4201,China,Fujian,consumer,Fujian Siping,QjURlYt
175,Charlotte,Hale,709 090-0978,China,Guangdong,consumer,Guangdong Daqing,4ylu4CdIa
176,Charlton,Valley,918 728-8991,South Korea,International,consumer,International Uiwang,05WqVUE4rIH
177,Chase,Roberta,803 455-2362,China,Fujian,staff,Fujian Yingcheng,tButwZu9S
178,Chelsea,Emma,762 771-5393,China,Chongqing,consumer,Chongqing Qian'an,2mh0gAHvYKm
179,Cherida,Wealthy,210 443-3329,China,Qinghai,consumer,Qinghai Kaili,turiPgtO
180,Cherish,Shana,470 230-1326,Central African Republic,International,consumer,International Bangui,gha4XDl
181,Cheryl,Scarlett,609 964-6397,Italy,International,consumer,International Rome,NCxLgW4
182,Chester,Ella,503 539-4940,China,Zhejiang,consumer,Zhejiang Daqing,vbFq1f60WYB
183,Chloe,Champion,223 299-0217,China,Sichuan,consumer,Sichuan Shiyan,1rAqj9WyBph7
184,Chris,Fire,505 273-3792,China,Guangxi,staff,Guangxi Xiangtan,VZbMO8L
185,Christian,Kathleen,954 679-7723,Slovakia,International,consumer,International Bratislava,1SElQq6uTnUh
186,Christina,Hadwin,253 581-4486,United Kingdom,International,consumer,International London,McLNZEEPyEru
187,Christine,Jocelyn,702 741-7462,China,Shaanxi,consumer,Shaanxi Yongcheng,CGzvucirY
188,Christopher,Joseph,276 418-0221,China,Jiangsu,consumer,Jiangsu Jieshou,0Kkwkn3P
189,Chuck,Amaryllis,430 605-8794,China,Tibet,consumer,Tibet Arxan,HeqbWBQYiTi
190,Clara,Ardent,956 427-3325,Indonesia,International,consumer,International Cianjur,5oBwQ9O
191,Clare,Queenie,607 280-7580,China,Qinghai,consumer,Qinghai Mingguang,TEXkWjdKfl
192,Clarence,Andrea,706 649-3654,China,Shaanxi,consumer,Shaanxi Qianjiang,V3UyJD
193,Clarissa,Honour,573 159-7927,Kazakhstan,International,consumer,International Astana,Qa1RtcIsBzaB
194,Claude,Nadine,435 363-0077,China,Yunnan,consumer,Yunnan Yima,jNAHTJI7L
195,Claudia,Opal,850 071-6167,China,Tianjin,staff,Tianjin Haimen,VXMRemgb9Li
196,Clay,Beverly,514 668-0862,Italy,International,consumer,International Rome,jzSvLW6iSko
197,Clayton,Lawyer,540 906-4518,China,Ningxia,consumer,Ningxia Yingtan,8QRsS07haal
198,Clement,Britney,937 679-4351,Niger,International,consumer,International Niamey,s5qMTcWB
199,Cliff,Great,214 808-3024,China,Inner,consumer,Inner Jingjiang,NMr67YsljOuO
200,Clifford,Vigour,623 092-5219,China,Qinghai,consumer,Qinghai Tongling,ac0PmexJ6A
201,Clifton,Sorrow,276 741-3513,China,Henan,consumer,Henan Zhanjiang,WMsShlIFvTbb
202,Clive,Laverna,431 040-9411,China,Sichuan,consumer,Sichuan Fuding,ywVzSrqdM2q
203,Clyde,Tamara,984 887-1488,China,Macau,consumer,Macau Maoming,InFijH
204,Cole,Eldon,646 463-6865,Yemen,International,consumer,International Sana'a,QTAUUyMNTZ
205,Coleman,Fabian,317 683-7701,China,Shanghai,consumer,Shanghai Wuwei,x5Zye9aAL9YP
206,Colin,Tasha,859 212-3226,Congo,International,consumer,International Brazzaville,2UPjyUFs
207,Connie,Ferguson,804 044-7383,China,Beijing,consumer,Beijing Lu'an,PjSsy9TOPV
208,Conrad,Healthy,248 787-3301,China,Inner,staff,Inner Jiyuan,ANqMsw
209,Constant,Ingrid,941 486-3648,China,Anhui,consumer,Anhui Yangchun,hcUzIt9iQ
210,Conway,Youthful,234 795-4754,Indonesia,International,consumer,International Madiun,lDrwT1Veis
211,Corwin,Adelaide,480 521-6627,China,Qinghai,consumer,Qinghai Ruichang,Bwr52TGTx
212,Courtney,Imogene,347 889-6181,China,Inner,consumer,Inner Zhangping,lfunRT4nH
213,Courtney,Lyndon,317 522-0526,China,Henan,consumer,Henan Qingzhen,f5zkYvaBlSxP
214,Craig,Montague,928 283-3069,China,Hong Kong,staff,Hong Kong Taishan,LkASvRHzR
215,Crispin,Earth,708 636-5783,China,Shanghai,consumer,Shanghai Yumen,J7iFmwmi
216,Crosby,Leigh,747 854-4635,China,Tianjin,consumer,Tianjin Wuzhishan,ohrfNZ
217,Curtis,Lombard,361 683-5229,Samoa,International,staff,International Apia,LMlfKziv
218,Cuthbert,Geraldine,414 812-1994,China,Tibet,consumer,Tibet Yumen,29X2MY
219,Cynthia,Edith,340 326-2636,Saint Vincent and the Grenadines,International,consumer,International Kingstown,U6M8Myfms
220,Cyril,Chief,802 632-1106,China,Macau,consumer,Macau Honghu,1OWLlcqt1kVQ
221,Daisy,Efrain,619 363-5253,China,Guangxi,consumer,Guangxi Wanning,qUnlylhuP
222,Dale,Strong,248 959-1578,China,Shanghai,staff,Shanghai Yichang,ZMjc5cIgt6G2
223,Daley,Dependable,478 947-7831,Nepal,International,consumer,International Kathmandu,dhcMgO9Fqm5R
224,Dalton,Shannon,320 670-5029,China,Guizhou,consumer,Guizhou Zhengzhou,o2fMbKjjS
225,Damian,Ralph,830 573-1077,China,Hebei,consumer,Hebei Hezhou,mx7YlLsdr2
226,Damon,Frances,763 413-6459,Indonesia,International,consumer,International Jakarta,v179ejzcJgD
227,Dane,Serene,734 631-4160,Georgia,International,consumer,International Tbilisi,coOrVg43un3O
228,Daniel,Bianca,973 627-1100,Portugal,International,consumer,International Lisbon,hT2GkbqMd
229,Danny,Pansy,787 086-8842,Philippines,International,consumer,International Manila,jdS6WyiG6
230,Darcy,Rejoicing,573 675-9232,China,Anhui,consumer,Anhui Jingdezhen,1RKIn1qu
231,Darell,Ross,972 663-4776,China,Guangxi,staff,Guangxi Hebi,ug3nZe
232,Darlene,Sparrow,413 308-0750,Palau,International,consumer,International Ngerulmud,qnpamR
233,Darren,Thelma,445 496-7313,China,Sichuan,staff,Sichuan Chizhou,XfTo0KOCls
234,Davida,Vaughan,225 703-5606,China,Gansu,consumer,Gansu Yizheng,vBsZUtuy6cmw
235,Davy,Wolf,717 459-9490,China,Tibet,consumer,Tibet Taixing,nrPxINUVyogR
236,Dawn,Simone,808 968-4731,China,Qinghai,consumer,Qinghai Yichang,f07HUB
237,Dean,Philip,670 569-2320,China,Beijing,consumer,Beijing Jiangmen,nTUix0E2Aw
238,Deborah,Quenby,310 112-8885,China,Liaoning,consumer,Liaoning Qinzhou,1XbsZLv
239,Dee,Quinn,574 849-1880,China,Ningxia,consumer,Ningxia Dandong,mj9JEY3Gq0P9
240,Deirdre,Matilda,820 019-3253,China,Tianjin,consumer,Tianjin Fuquan,4R7R6VgyJFxV
241,Del,Rufus,508 091-1528,United States,International,consumer,International Buckeye,btWRXP
242,Delia,Sebastian,479 239-3041,United States,International,consumer,International San Bernardino,3cLbX6SoKkkb
243,Den,Trent,978 326-0557,China,Liaoning,consumer,Liaoning Yichun,XFCKmme8x
244,Dena,Compassionate,315 936-2901,China,Shaanxi,consumer,Shaanxi Danjiangkou,kfOpWIGzv
245,Dene,Eighth,315 016-7456,China,Jilin,consumer,Jilin Huanggang,vg8p13K1bDLw
246,Dennis,Leanne,630 846-6255,China,Hubei,consumer,Hubei Langfang,zUfvHfFWXB1
247,Denton,Free,470 328-0974,Romania,International,consumer,International Bucharest,n1CJzR20kk
248,Denzil,Philippa,519 400-4166,China,Shandong,consumer,Shandong Jingdezhen,JmAfRxt
249,Derek,Lois,903 014-8147,China,Anhui,consumer,Anhui Suifenhe,5iPohz
250,Derick,Percival,772 726-5144,China,Ningxia,consumer,Ningxia Yushu,jSMRX8p8
251,Des,Relic,220 786-1166,China,Hunan,consumer,Hunan Longhai,rHKT51mG
252,Desmond,Octavia,928 891-8861,China,Ningxia,consumer,Ningxia Yichun,EqaMEPQyt4
253,Dexter,Emily,929 286-2965,China,Qinghai,consumer,Qinghai Bijie,QoEJsEL3k
254,Diana,Misty,727 843-2129,China,Taiwan,consumer,Taiwan Hegang,mpfa55o9x
255,Digby,Lovely,301 284-6707,China,Tianjin,consumer,Tianjin Genhe,YBsBkfZYzFRq
256,Dina,Kingly,269 772-2115,China,Shanghai,consumer,Shanghai Taixing,6b6CaMWY
257,Dolly,Shara,938 476-5853,China,Ningxia,staff,Ningxia Xinxiang,vkMKdLxc7x
258,Dominic,Freda,323 219-7201,Colombia,International,consumer,International Bogotá,VVPzbcrFhSC
259,Don,Keith,437 778-7588,China,Shandong,consumer,Shandong Changshu,FCBSP2
260,Donald,Seymour,614 092-5293,China,Sichuan,staff,Sichuan Liaoyuan,bAKj33Eo5
261,Donna,Handmaiden,223 743-3255,Indonesia,International,consumer,International Banjar,i0lOuZ
262,Dora,Nathania,256 562-2246,Malawi,International,consumer,International Lilongwe,YiihGU
263,Doran,Garth,204 018-4505,Barbados,International,consumer,International Bridgetown,bxZCLjH
264,Doreen,Shamus,651 433-2288,Yemen,International,consumer,International Sana'a,iQ8h0cU5H
265,Dorian,Lulu,319 553-3112,China,Qinghai,consumer,Qinghai Luoding,RcCnxWqWk7YS
266,Doris,Solomon,838 592-2551,China,Zhejiang,consumer,Zhejiang Xinji,I8eMJeN
267,Dorothy,Penelope,715 968-8880,China,Shandong,consumer,Shandong Dashiqiao,CDZA8epwwQ
268,Doug,Jillian,931 900-8554,China,Guizhou,staff,Guizhou Ningguo,QaUypsNEky
269,Douglas,Wenda,640 715-9807,South Korea,International,staff,International Seoul,osWuG7bL8
270,Doyle,Winifred,430 473-6954,France,International,consumer,International Paris,grqWOq
271,Drake,Brenda,613 799-5116,China,Macau,consumer,Macau Shishou,C6LKUn9p
272,Drogo,Tabitha,509 180-2648,Sri Lanka,International,consumer,International Sri Jayawardenepura Kotte,LxX2Mft
273,Dudley,Lucas,617 451-7067,Mexico,International,consumer,International Mexico City,9Adp8S
274,Duggie,Jason,204 812-8888,South Korea,International,staff,International Seoul,yRKEgQxA
275,Duncan,Erika,938 798-8932,China,Zhejiang,consumer,Zhejiang Guiyang,qIYOV5C
276,Dunstan,Queen,681 628-1196,China,Heilongjiang,consumer,Heilongjiang Ruzhou,g6u9GQ8K
277,Dustin,William,832 108-5925,China,Tibet,consumer,Tibet Nantong,JfDMBqISzyi
278,Dwayne,Frasier,514 282-6971,Iceland,International,consumer,International Reykjavík,LF7oZECygMo
279,Dwight,Brooke,919 549-6299,China,Xinjiang,consumer,Xinjiang Qingyuan,KhNsF55oYeN
280,Earl,Marilyn,508 041-6592,Andorra,International,consumer,International Andorra la Vella,uDgGX0dm2p
281,Ebenezer,Weaver,343 378-6224,China,Shanxi,consumer,Shanxi Jiaohe,ATghwDF6Q
282,Ebony,Admirable,513 286-7789,Hungary,International,consumer,International Budapest,a3N43hl
283,Ed,Tiffany,860 782-6443,China,Shanxi,consumer,Shanxi Yingcheng,PFcRbVu
284,Eddie,Stanley,626 974-7272,China,Tianjin,consumer,Tianjin Lushan,yOVPzGL
285,Eden,Zelene,641 394-9772,China,Gansu,staff,Gansu Hailun,A1CW3ePa
286,Edgar,Jeremy,337 243-3754,United States,International,consumer,International Washington,wTZiJdOWt
287,Edith,Jed,414 810-5245,China,Zhejiang,consumer,Zhejiang Zhijiang,72xYVqNx
288,Edmond,Zebadiah,971 784-8397,Vietnam,International,consumer,International Hanoi,VNPYTit
289,Edna,Kendrick,782 364-1279,Dominican Republic,International,staff,International Santo Domingo,ZXxHDGrkgpE
290,Edric,Holy,437 259-6690,China,Tianjin,consumer,Tianjin Gao'an,jKYv13lu
291,Edwin,Veronica,581 729-6221,China,Hainan,consumer,Hainan Jingjiang,euiSSbj20iDr
292,Edwina,Goddard,216 805-1191,China,Liaoning,consumer,Liaoning Longjing,knSrz1z
293,Effie,Washington,336 819-3346,China,Hong Kong,consumer,Hong Kong Chongzuo,IZSP345FVb
294,Egbert,Esmond,802 755-8897,China,Jiangsu,staff,Jiangsu Zhaoqing,eGoO5j7k
295,Elaine,Winona,319 968-1569,China,Jilin,consumer,Jilin Zunyi,1JTiKHq4B1
296,Elbert,Dennis,330 953-4524,China,Guangxi,consumer,Guangxi Wuchang,GGx0wM
297,Eldon,Joe,303 871-7191,China,Chongqing,consumer,Chongqing Zhalantun,gDEBwhlP
298,Eleanor,Eaton,682 320-0449,China,Tibet,consumer,Tibet Muling,qYasMlt99
299,Elena,Eugenia,979 114-9621,Indonesia,International,staff,International Bogor,i6qoPs
300,Elinor,Homer,445 028-6274,Indonesia,International,consumer,International Jakarta,UnmsQzD33i
301,Eliot,Hubert,781 502-3181,China,Shanghai,consumer,Shanghai Zhangshu,h4DWgOMrwW7J
302,Eliza,Edward,919 043-8747,China,Liaoning,consumer,Liaoning Daqing,YSO9ir
303,Elizabeth,Warrior,863 020-2677,China,Hunan,consumer,Hunan Lianzhou,a8TWwQP
304,Ella,Sherman,351 717-7981,Indonesia,International,consumer,International Banjar,Q0qVsWdBQ
305,Ellen,Molly,206 526-5892,China,Jiangsu,consumer,Jiangsu Wu'an,FS1xnUp
306,Ellery,Eliot,657 423-9830,China,Liaoning,consumer,Liaoning Gongyi,gjdzHzUBa5TK
307,Ellie,Willette,503 121-4580,Comoros,International,consumer,International Moroni,W0rOT8mK
308,Elliot,Winthrop,360 294-7103,China,Jilin,consumer,Jilin Chibi,T5rb95dTYUw
309,Ellis,Sea,408 953-7787,Kazakhstan,International,consumer,International Astana,YN79rC
310,Elmer,Sloane,334 636-7856,China,Sichuan,consumer,Sichuan Dingxi,TtbNQQ
311,Elmer,Justine,878 781-6156,China,Macau,consumer,Macau Shangqiu,AKed7bywcbS
312,Elsa,Igor,315 263-8830,China,Henan,consumer,Henan Xinyang,l3gHx0Jnx2i
313,Elton,Nancy,252 484-7869,Indonesia,International,consumer,International Salatiga,qpsWRWjzSZ
314,Elton,Georgiana,909 616-2940,Jordan,International,consumer,International Amman,x2pG1g49
315,Elvis,Doris,470 290-4676,China,Henan,consumer,Henan Gaozhou,FCnVBxPe
316,Emerson,Phoebe,470 121-7234,China,Chongqing,consumer,Chongqing Fuzhou,GaH0iTWb9Nq
317,Emily,Yvette,570 660-1887,El Salvador,International,consumer,International San Salvador,TDoHENFz
318,Emma,Lola,775 866-4655,China,Jiangsu,consumer,Jiangsu Daqing,eNy97Ah
319,Emmett,Milburn,312 582-4516,China,Tianjin,consumer,Tianjin Hanchuan,mKts1jckkG0
320,Emmy,Bound,714 899-2300,Thailand,International,consumer,International Bangkok,H1MBFqYm4lRJ
321,Enola,Robust,772 276-9607,China,Tianjin,consumer,Tianjin Zhangjiakou,yqDpFxTE
322,Erasmus,Henry,404 838-9692,China,Ningxia,consumer,Ningxia Bayannur,8fpKVXp
323,Eric,Evelyn,985 964-0757,Saudi Arabia,International,consumer,International Riyadh,su92L5MK8
324,Erin,Keaton,639 399-5203,Indonesia,International,consumer,International Cianjur,gJBsxUwD
325,Ernest,Frederick,740 177-2545,China,Ningxia,consumer,Ningxia Wuhai,7G2lyuuNB
326,Errol,Jessica,408 569-9044,China,Xinjiang,consumer,Xinjiang Loudi,O6PMwPU
327,Esmond,Lara,818 763-8639,China,Hong Kong,staff,Hong Kong Ganzhou,VU8ImIB
328,Esta,Kerri,936 061-5099,China,Yunnan,consumer,Yunnan Huainan,NUDe5Sts
329,Estelle,Louisa,201 932-5587,China,Hainan,consumer,Hainan Liaoyuan,wv1ciy4MfGtD
330,Ethel,Landry,623 742-8866,China,Liaoning,consumer,Liaoning Nantong,IjSru3ly
331,Eudora,Aimee,938 954-5605,China,Shanxi,staff,Shanxi Daye,QW66Q2I
332,Eugene,Halbert,463 101-1557,Sudan,International,consumer,International Khartoum,CqQjqk
333,Eugenia,Sybil,412 975-5930,Latvia,International,consumer,International Riga,y8oMPnEgLPq6
334,Eunice,Anastasia,731 449-6388,China,Shandong,consumer,Shandong Jingzhou,uXzz42
335,Eve,Meadow,979 662-8230,China,Taiwan,consumer,Taiwan Xuancheng,Q5QfpnoaHkJw
336,Evelyn,Star,763 802-2727,Monaco,International,staff,International Monaco,0aui2inDGDM
337,Everett,Flourishing,939 874-4555,China,Tianjin,consumer,Tianjin Miluo,La6Z0qCLSj
338,Evette,Olaf,862 233-1192,China,Guizhou,consumer,Guizhou Dongtai,1gTtQ9
339,Evie,Essence,816 961-9191,United States,International,consumer,International Buckeye,zh5pjYKDSEc
340,Evonne,Magnus,336 655-5932,China,Ningxia,consumer,Ningxia Baoding,QtkhGH0
341,Fabian,Thunder,631 476-5572,Belarus,International,staff,International Minsk,gJfMObUpc
342,Faith,Valiant,615 828-4138,Mauritius,International,consumer,International Port Louis,fjv3IOew
343,Fanny,Pretty,331 893-6744,China,Tibet,consumer,Tibet Tianmen,IadNgERnT
344,Fay,Lighthearted,870 286-0086,China,Shandong,consumer,Shandong Harbin,56K6pq
345,Faye,Gabriel,931 951-7339,Tajikistan,International,consumer,International Dushanbe,bNQ9rf
346,Felicity,Ambitious,781 697-9152,Indonesia,International,consumer,International Cirebon,sncYKMvRu
347,Fenton,Jacob,952 605-6694,China,Inner,staff,Inner Longyan,sToQfqEG
348,Ferdinand,Alexandra,515 342-5514,China,Liaoning,consumer,Liaoning Shijiazhuang,GhoxTMD
349,Fern,Virginia,863 677-2504,China,Sichuan,consumer,Sichuan Changsha,27rIz1ou5
350,Ferris,Rachel,970 327-1994,China,Zhejiang,consumer,Zhejiang Nanjing,r4biHCPM
351,Fletcher,Serena,315 741-9971,China,Shanxi,consumer,Shanxi Bengbu,ogUAh3w3
352,Flo,Sigmund,807 786-6881,China,Inner,consumer,Inner Wuchang,wuBBTbNdU2
353,Flora,Lame,819 393-2773,Ireland,International,consumer,International Dublin,PW5InowZNwo
354,Florence,Beauty,502 687-0377,China,Shanxi,consumer,Shanxi Putian,38TgOoc
355,Florrie,Mavis,304 311-1668,China,Yunnan,consumer,Yunnan Anyang,Hgl04mJDgs
356,Floyd,Edwina,517 704-0444,China,Shandong,consumer,Shandong Pingxiang,HfYgMed
357,Ford,Todd,726 445-2263,China,Shandong,consumer,Shandong Jinzhou,86AtBqg
358,Forrest,Spirited,902 570-6148,China,Heilongjiang,consumer,Heilongjiang Zhangjiakou,fnLZN9Sh
359,Fran,Amanda,431 680-7834,Indonesia,International,consumer,International Kediri,c8KvdgSMp
360,Frances,Beata,939 491-1773,Saint Lucia,International,consumer,International Castries,BXsOzux
361,Francis,Titus,380 185-1036,Kazakhstan,International,consumer,International Astana,N42G9EQ3
362,Frank,Just,269 859-1565,Liechtenstein,International,consumer,International Vaduz,OVlcym
363,Franklin,Griswold,361 502-0328,Czech Republic,International,staff,International Prague,lcm9NodSFo
364,Fred,Jemima,910 370-4983,China,Chongqing,consumer,Chongqing Fuquan,oX5qOdziN
365,Freda,Francis,315 844-7106,China,Henan,consumer,Henan Manzhouli,aCqpeXVI
366,Freddie,Grey,289 581-5158,China,Guangdong,consumer,Guangdong Xianning,qVUoaI
367,Frederick,Meadow,509 242-1183,United Arab Emirates,International,consumer,International Abu Dhabi,Cn7N87
368,Freeman,Wynne,512 440-2268,Congo,International,consumer,International Brazzaville,NF8ct6K
369,Gail,Valerie,706 888-6707,China,Shanghai,consumer,Shanghai Luohe,cryAQeBkpDx
370,Gale,Fern,909 293-6051,China,Zhejiang,consumer,Zhejiang Gao'an,YocWSEMNG
371,Gardner,Roxanne,774 370-3757,China,Guizhou,consumer,Guizhou Changsha,R7W97Zz
372,Garfield,Millicent,651 775-9515,China,Tianjin,consumer,Tianjin Wudalianchi,qMS5NNak7
373,Garret,Unity,513 441-4509,China,Jiangsu,staff,Jiangsu Wudalianchi,YfpmgQijA9
374,Garrick,Caretaker,337 264-0946,Botswana,International,consumer,International Gaborone,DNkQOvnQx
375,Garrison,Wise,408 226-2856,China,Jiangsu,consumer,Jiangsu Chongzuo,TpMmsyXoo6
376,Garth,Fitzgerald,934 514-8376,China,Jilin,consumer,Jilin Tieli,4ZI4wllBNVhW
377,Gary,Gillian,608 911-6403,China,Henan,consumer,Henan Luoding,xiTlRU
378,Gavin,Duncan,418 766-5439,Solomon Islands,International,consumer,International Honiara,gx2SCvgHE
379,Gayle,Ulva,410 356-5446,China,Chongqing,consumer,Chongqing Shijiazhuang,XibIKXyf4W
380,Gaylord,Nightingale,907 683-1503,China,Hubei,consumer,Hubei Baishan,kgzIMdPG
381,Gaynor,Firm,463 955-8613,China,Heilongjiang,consumer,Heilongjiang Zhongxiang,1mfQu0
382,Ged,Bobbie,754 797-7258,China,Beijing,consumer,Beijing Laibin,5vQHRcVr
383,Gene,Soldier,701 814-5340,Switzerland,International,consumer,International Bern,DgaPhXP
384,Geoffrey,Kirsten,307 058-7299,China,Hebei,consumer,Hebei Huangshi,kp6zbizGyu
385,George,Grayson,214 381-9258,China,Fujian,consumer,Fujian Hefei,YEV3LwuO2Qen
386,Georgia,Guy,365 344-8438,China,Guangdong,consumer,Guangdong Nanyang,bbqZOBer3N
387,Georgiana,Brittany,938 586-5097,China,Qinghai,consumer,Qinghai Dengzhou,wkxmhBgC
388,Georgie,Hamlin,872 282-5502,Cambodia,International,consumer,International Phnom Penh,kB9evoUl0o6
389,Gerald,Griswald,504 905-0728,China,Fujian,consumer,Fujian Zhanjiang,HXOpNNwY
390,Geraldine,Wyatt,316 867-4916,China,Hainan,consumer,Hainan Pizhou,l8JUB6
391,Gerard,Darian,305 534-7610,China,Shanghai,consumer,Shanghai Yichang,aBMxFpjXv3
392,Germaine,Kilian,430 050-0926,Namibia,International,consumer,International Windhoek,ozDAXYTeqhIY
393,Gerry,Ruby,201 051-9922,United States,International,consumer,International San Clemente,F5TkebrrKO
394,Gertrude,Peace,762 641-2098,Laos,International,consumer,International Vientiane,nCkE2vy7yW04
395,Gilbert,Elbert,334 415-8356,France,International,consumer,International Paris,yZ9pFbd
396,Giles,Hartley,367 020-7086,China,Tianjin,consumer,Tianjin Changde,8TZo138PWC
397,Gill,Faye,859 094-6790,China,Shanxi,consumer,Shanxi Qinyang,nxo8KzeJH3
398,Gillian,Sherlock,249 535-7132,Mauritania,International,consumer,International Nouakchott,lLEdwVstn8
399,Ginger,Derwin,310 199-9994,China,Hainan,consumer,Hainan Wuxue,VV0Nrol
400,Glen,Adrienne,504 198-4989,Thailand,International,consumer,International Bangkok,DaPfBtwOspp
401,Gloria,Stan,561 152-3070,China,Liaoning,consumer,Liaoning Beizhen,yFfbtuW
402,Glynis,Edana,954 368-9465,China,Shanxi,consumer,Shanxi Yangjiang,yNfxP3o
403,Goddard,Flame,651 630-3524,China,Shanxi,consumer,Shanxi Zhangjiajie,cGb3xTHlQGxT
404,Godfrey,Joan,548 574-1507,Malawi,International,staff,International Lilongwe,v8dQQ335tQQT
405,Godwin,Tuesday,586 937-0815,China,Shanxi,consumer,Shanxi Leiyang,J9aLHkOTmfG
406,Goodwin,Peaceful,925 869-8563,United States,International,staff,International Avondale,urKtT7H
407,Grace,Dwayne,984 862-3419,Tonga,International,consumer,International Nukuʻalofa,5ADKn8
408,Gracie,Industrious,854 517-5509,China,Beijing,consumer,Beijing Nanjing,uYHQSzXG0
409,Graham,Angelica,442 528-4981,China,Shaanxi,consumer,Shaanxi Songzi,55BARwyN
410,Grant,Conqueror,785 737-3731,San Marino,International,consumer,International San Marino,PyxOg8t6gYd7
411,Granville,Optimistic,254 307-7581,China,Ningxia,consumer,Ningxia Langfang,5Me8lOggR
412,Grayson,Grace,213 073-5651,United States,International,consumer,International San Anselmo,sBmo6yKctB
413,Greg,Luke,934 630-8241,Ireland,International,staff,International Dublin,yXEH2QxUVcT
414,Gregory,Nigel,904 919-7161,China,Macau,consumer,Macau Danyang,m4D31EESYtm
415,Gresham,Willow,940 772-8903,Brazil,International,consumer,International Brasília,bU9JyBzY
416,Gretta,Ivy,316 984-5833,Finland,International,consumer,International Helsinki,W9k0dnUWSC3
417,Greville,Wilona,902 517-5795,Congo Democratic,International,consumer,International Kinshasa,UTqU9WetV
418,Grover,Travis,203 712-4806,Saudi Arabia,International,consumer,International Riyadh,dW69945k4
419,Guinevere,Ancestress,332 749-3070,Suriname,International,consumer,International Paramaribo,qfyS4A3X9D
420,Guy,Trix,219 006-8519,China,Zhejiang,consumer,Zhejiang Zunhua,AF4y0NYPwP
421,Gyles,Princess,743 836-0020,China,Shanghai,consumer,Shanghai Ji'an,VsVANEAd6s0
422,Hadden,Anne,601 848-9046,Iraq,International,consumer,International Baghdad,AQ5oKDN
423,Hadley,Armed,714 242-2652,Suriname,International,consumer,International Paramaribo,CUsJE50ud
424,Hadwin,Fiery,831 340-9115,Dominican Republic,International,consumer,International Santo Domingo,5MQ4PXe
425,Halbert,Blackbird,309 572-7567,China,Shandong,consumer,Shandong Huangshan,mhQavd3
426,Hale,Merlin,819 622-5903,China,Chongqing,consumer,Chongqing Wuwei,GCGtaEX2pDoM
427,Haley,Tristan,782 798-6916,China,Macau,consumer,Macau Fangchenggang,FfyFYcU7nEI
428,Halsey,Valda,671 848-1923,China,Zhejiang,staff,Zhejiang Hezuo,MFKpNzYLuog
429,Hanley,Strong,314 391-8276,China,Shanxi,consumer,Shanxi Panshi,khlPzhY
430,Hannibal,Dorian,405 615-2466,Guinea-Bissau,International,consumer,International Bissau,NufZhm1
431,Happy,Paulette,936 371-0061,China,Shanghai,consumer,Shanghai Dongning,f2CpatNmLP
432,Harding,Fairfax,802 626-3710,Marshall Islands,International,consumer,International Majuro,mzlH8ws1WT
433,Harlan,Dragon,706 809-8980,Laos,International,consumer,International Vientiane,dT6QCDEIBcew
434,Harley,Rich,340 780-4847,China,Sichuan,consumer,Sichuan Dandong,Jn4rP7hjvSBc
435,Harold,Sabrina,517 440-9806,China,Sichuan,consumer,Sichuan Haikou,vLOgVT
436,Harper,Hugo,225 367-5830,Saint Lucia,International,consumer,International Castries,sYWlfQi
437,Harriet,Harriet,630 998-0129,Turkey,International,consumer,International Ankara,Jxmfefou
438,Harrison,Joyce,787 797-7656,Yemen,International,consumer,International Sana'a,yPkTPl4
439,Harry,Nessia,361 550-5954,China,Shanxi,consumer,Shanxi Xiangxiang,da2kzW
440,Hartley,Gifford,604 042-6681,China,Qinghai,consumer,Qinghai Tonghua,7S8M7r8A
441,Harvey,Dora,585 624-5940,China,Shandong,consumer,Shandong Suifenhe,dEV7afMsV
442,Hattie,Lamont,304 253-1948,Switzerland,International,consumer,International Bern,zaGD00Z4Zct
443,Hayley,Roswell,228 510-6446,Libya,International,staff,International Tripoli,Ipz3CKvwVDaY
444,Hazel,Helpful,872 619-8496,Libya,International,consumer,International Tripoli,diBc15Wm2bxV
445,Heath,Lizzie,701 250-3808,Turkmenistan,International,staff,International Ashgabat,CQJG3NBv
446,Heather,Loralie,831 920-9248,China,Gansu,consumer,Gansu Ji'an,SIa8QZ
447,Hector,Beguiling,929 979-6091,China,Shandong,consumer,Shandong Gaizhou,S5kA8JDz3
448,Hedley,Leah,904 908-4640,Indonesia,International,consumer,International Semarang,XxgOTA
449,Helen,Vania,484 261-8975,United States,International,consumer,International Buckeye,6aCEGZV
450,Henrietta,Hattie,519 836-1726,China,Hainan,consumer,Hainan Linxiang,XG4QldxGMi5
451,Henry,Erwin,719 725-1231,China,Anhui,consumer,Anhui Dongtai,h4RVxuzmC
452,Herb,Stewart,651 774-2587,China,Gansu,consumer,Gansu Fuzhou,QV1SqPesbO
453,Herbert,Pandora,670 137-2907,Niger,International,staff,International Niamey,cjTnB4sWtsBC
454,Herman,Mirabelle,319 581-1629,Vietnam,International,consumer,International Hanoi,2OBmNWII1vdS
455,Hettie,Luna,754 297-6079,China,Tibet,consumer,Tibet Jiayuguan,cSR4fdbod
456,Hilary,Bird,567 175-7422,China,Jiangxi,consumer,Jiangxi Chengde,hp32Q6U5R4
457,Hilary,Flower,401 189-3008,China,Xinjiang,consumer,Xinjiang Nanning,thPg0h
458,Hilda,God-like,838 013-3995,China,Liaoning,consumer,Liaoning Liupanshui,xdOBdRi
459,Hollie,Samantha,409 035-5668,China,Qinghai,consumer,Qinghai Wugang,Bu5m7v
460,Holly,Articulate,720 828-4949,South Korea,International,staff,International Siheung,754nMgaqa
461,Homer,Lilah,782 947-2371,China,Hainan,consumer,Hainan Holingol,lx7vIk4
462,Honey,Cunning,646 116-3182,Bahrain,International,staff,International Manama,XSO7vW6qAf27
463,Hope,Archer,713 981-2318,Sudan,International,consumer,International Khartoum,N8THzpq8
464,Hopkin,Herdsman,740 054-1681,China,Qinghai,consumer,Qinghai Fu'an,xPHGPO
465,Horace,Roland,628 357-7011,Guinea-Bissau,International,consumer,International Bissau,MdInhw
466,Horati,Yolanda,510 273-4879,United States,International,consumer,International San Joaquin,eeapTeWPoP
467,Howard,Mildred,220 970-8131,Kuwait,International,consumer,International Kuwait City,Y2v4ebu
468,Howell,Marissa,310 549-1211,Uzbekistan,International,consumer,International Tashkent,lhsMZuX9LV9
469,Hubert,Blanche,669 373-7685,China,Macau,consumer,Macau Yingtan,JA92sfOJ
470,Hugh,Happy,336 069-7997,China,Shanghai,consumer,Shanghai Zhaoqing,QV5TiaoQ
471,Hughie,Famous,712 112-8590,China,Hainan,consumer,Hainan Wuwei,870om6
472,Humbert,Des,980 582-0304,Indonesia,International,consumer,International Bekasi,cqi3WdqrT3
473,Humphrey,Lee,782 309-7248,China,Anhui,consumer,Anhui Xinzheng,CtI6oMKH
474,Hunter,Dixon,703 333-8522,Tuvalu,International,consumer,International Funafuti,cfTSdhiN
475,Hyacinth,Laurence,319 721-2692,North Korea,International,consumer,International Pyongyang,h0r6Oya5BDj7
476,Ida,Robert,513 483-6595,China,Shaanxi,consumer,Shaanxi Wuwei,psnn8XjIsd
477,Ike,Ferris,409 927-2764,China,Shanghai,consumer,Shanghai Wugang,kcScpOGjOeX8
478,Imogen,Gale,772 640-9117,China,Qinghai,staff,Qinghai Jingzhou,iZlIhT
479,Ingram,Dark-Haired,430 616-5975,Portugal,International,consumer,International Lisbon,dXKkqrViUMQf
480,Iole,Rhea,215 868-3685,Serbia,International,consumer,International Belgrade,phFvJBJZxjU
481,Irene,Kendall,947 024-0438,China,Hebei,consumer,Hebei Lechang,N8fPPQz
482,Iris,Selene,347 433-2314,China,Shanxi,consumer,Shanxi Yima,KRXMMB
483,Irving,Stranger,606 034-3288,China,Qinghai,staff,Qinghai Zhuhai,Rr5tKcm
484,Isabel,Melissa,712 971-5196,China,Taiwan,consumer,Taiwan Ulanqab,z4j1qAAwPv
485,Isabella,Jerome,385 985-2743,China,Sichuan,consumer,Sichuan Tianchang,o82lqRsQa
486,Isabelle,Norris,310 066-6760,Spain,International,consumer,International Madrid,sIyY2gzYpkZb
487,Isaiah,Anthea,780 288-9756,Central African Republic,International,staff,International Bangui,143jipiUgUA
488,Ivor,Torrent,380 680-9533,China,Ningxia,consumer,Ningxia Xinle,Sr8W843lIe
489,Ivy,Sparkling,724 038-2943,Sweden,International,consumer,International Stockholm,nuwW8JOn8A
490,Jack,Grover,867 528-4495,Turkmenistan,International,consumer,International Ashgabat,HU9CC8sP9g5e
491,Jackie,Keely,763 166-9925,China,Shandong,consumer,Shandong Taizhou,LV55d7yqB
492,Jackie,Fiery,856 744-1817,Switzerland,International,consumer,International Bern,D5jOni26X
493,Jackson,Steadfast,401 534-4916,China,Macau,consumer,Macau Shishi,aAlXs1CI7p
494,Jacob,King,704 486-8401,Paraguay,International,consumer,International Asunción,ZODZQD
495,Jacqueline,Darrel,848 637-2351,Indonesia,International,consumer,International Banjar,8bjogfCTBr
496,Jade,Kay,425 262-0789,China,Gansu,consumer,Gansu Macheng,5RyE6pUVyoXZ
497,Jake,Elsie,939 001-3814,China,Taiwan,consumer,Taiwan Tumen,zJNbHyx0O
498,James,Seaman,828 668-3843,Turkey,International,consumer,International Ankara,6zfqGCiaF3v
499,Jamie,Dudley,207 355-2228,China,Ningxia,consumer,Ningxia Yueyang,3Yrp4U
500,Jane,Nathaniel,908 363-5000,Guinea,International,consumer,International Conakry,SgG6YT7
501,Janet,Dexterous,309 290-9087,China,Henan,consumer,Henan Xinle,i2p9a6SGz
502,Janette,Pledge,938 799-3694,China,Jiangxi,consumer,Jiangxi Enshi,MfS47whp
503,Janice,Peaceful,630 945-0946,Solomon Islands,International,consumer,International Honiara,9fzt2WBdk4K
504,Jarvis,Ely,403 880-1804,China,Jiangsu,consumer,Jiangsu Zhuzhou,AFbuP9D
505,Jasmine,Theobold,412 194-1413,China,Shandong,consumer,Shandong Anyang,WvfKTbPSBC
506,Jason,Alice,614 850-6093,China,Yunnan,consumer,Yunnan Wuchang,tCXJrg
507,Jasper,Jarvis,559 326-1246,China,Ningxia,consumer,Ningxia Yangjiang,DEvtrqWbm
508,Jay,Neville,203 198-8487,China,Sichuan,consumer,Sichuan Shaoshan,yMSrhR
509,Jean,Flora,720 862-1338,Macedonia,International,consumer,International Skopje,3VXDJaQz
510,Jeane,Oswald,906 856-8935,China,Heilongjiang,consumer,Heilongjiang Zhumadian,bPe9yH7
511,Jed,Whitney,365 439-3130,China,Shandong,consumer,Shandong Jiangmen,BUDl229FIz8
512,Jeff,Vanessa,781 682-6293,Samoa,International,consumer,International Apia,rKdaBnM
513,Jefferson,Vera,765 847-2646,Luxembourg,International,staff,International Luxembourg,PvtLy1hq
514,Jeffrey,Wealthy,470 130-1541,Mexico,International,consumer,International Mexico City,FBfnKqN
515,Jennet,Kathy,307 619-7704,China,Shanghai,consumer,Shanghai Kaifeng,vB4St1vHTSI8
516,Jennifer,George,251 088-5369,China,Shanghai,consumer,Shanghai Gaoyou,wVvAuLCP
517,Jenny,Pure,925 483-7913,China,Shandong,consumer,Shandong Hulunbuir,0juUlcNapv
518,Jenson,Oprah,670 215-0400,China,Tibet,consumer,Tibet Yong'an,8KYFh5b
519,Jeremy,Michelle,220 750-7393,Indonesia,International,consumer,International Bandung,7VfDSomjjgo
520,Jermaine,Glorious,563 668-2119,China,Hong Kong,consumer,Hong Kong Nehe,VJATirqp
521,Jerome,Wallace,365 457-1882,Indonesia,International,consumer,International Cimahi,B6xlDVu
522,Jerrard,Trevor,947 876-1300,Burundi,International,consumer,International Bujumbura,F4CvYvsp
523,Jerrold,Melanie,581 002-9829,China,Ningxia,consumer,Ningxia Yong'an,lYEhZV
524,Jerry,Diane,709 988-1931,China,Jiangxi,consumer,Jiangxi Zhangjiagang,5msTipRR4
525,Jess,Hazel,908 365-9319,North Korea,International,staff,International Pyongyang,5WLF9R25
526,Jesse,Victor,724 399-9973,Tonga,International,consumer,International Nukuʻalofa,DPVjr79rG
527,Jessica,Laura,605 282-5182,Barbados,International,consumer,International Bridgetown,qJJm4lDnT5
528,Jessie,Ward,670 338-4057,China,Macau,consumer,Macau Tongjiang,YQ5MEXyjQHd
529,Jethro,Teri,336 620-3689,Belarus,International,consumer,International Minsk,xoN7UkkNBk
530,Jewel,Kelsey,475 902-3152,Indonesia,International,consumer,International Jakarta,DmvPSUjvlKh
531,Jill,Marlon,914 591-3125,China,Tianjin,consumer,Tianjin Dingzhou,Z2V0mlD0nI
532,Jim,Darlene,443 939-9536,China,Shandong,consumer,Shandong Dingzhou,cYKhrPFO0bg
533,Jimmy,Respected,830 176-1782,Denmark,International,consumer,International Copenhagen,U9XmAty2C
534,Joan,Giles,551 182-4684,China,Xinjiang,consumer,Xinjiang Qingyuan,Lxh9KWwxY
535,Jodie,Teresa,867 666-2635,China,Sichuan,consumer,Sichuan Suqian,UqPbIpOht54l
536,Jody,Heroine,712 983-7796,China,Shandong,staff,Shandong Langfang,hWIQYfGbwR
537,Joe,Farrah,872 824-7245,China,Hainan,consumer,Hainan Lingbao,QK3rnD2F
538,Joey,Red,774 124-9713,China,Guangxi,consumer,Guangxi Tongling,8GAtqozRu
539,John,Delight,438 468-5922,China,Sichuan,consumer,Sichuan Puning,uj8gDSj3
540,Johnathan,Paul,609 265-6609,Liechtenstein,International,consumer,International Vaduz,jvLZrvo8UigN
541,Johnny,Morgan,505 708-8224,Croatia,International,consumer,International Zagreb,rzUj57suu
542,Jordan,Salome,646 654-3594,Philippines,International,consumer,International Manila,QJm5yGzaCX4h
543,Joseph,Sheridan,671 899-1158,Niger,International,consumer,International Niamey,2VYqs2N
544,Josephine,Oriel,775 085-5382,Equatorial Guinea,International,consumer,International Malabo,2DrjhNScJaxh
545,Josh,Elliott,213 476-8494,China,Henan,staff,Henan Yangjiang,dxsmPF1
546,Joy,Kyle,405 287-1956,China,Guizhou,staff,Guizhou Guilin,Ar2DPJZqLPx
547,Joyce,Alison,806 454-8465,China,Shanghai,consumer,Shanghai Foshan,aTWtpGn9q6Bn
548,Judd,Thresher,510 222-2884,Ukraine,International,consumer,International Kiev,O7WtDCpust
549,Jude,Finbar,419 444-9168,Indonesia,International,consumer,International Jakarta,ZPyU74oTL7Xn
550,Judy,Samson,706 612-7577,Suriname,International,consumer,International Paramaribo,LTwAtWvaFep
551,Julian,Gabrielle,240 130-8341,China,Macau,consumer,Macau Zhangye,jWJYKpZ
552,Juliet,Genevieve,782 743-9151,China,Ningxia,consumer,Ningxia Zhoukou,E4gpuJcF6eZ
553,June,Willa,208 610-1159,Bulgaria,International,staff,International Sofia,mxsxJTbC
554,Justin,Bella,315 913-7704,China,Hainan,consumer,Hainan Anshan,JSHNKtPRcXm8
555,Justine,Forbes,765 879-8967,China,Shanghai,consumer,Shanghai Yingcheng,Lof5OFUw1
556,Kaley,Maggie,410 821-4111,China,Taiwan,consumer,Taiwan Hohhot,cwChcMOR20eh
557,Kate,Marcus,330 421-6854,China,Hubei,consumer,Hubei Yiyang,T5rnCl5cA0pR
558,Katherine,Kendra,502 688-1942,China,Gansu,consumer,Gansu Zhuozhou,jc9JgcFQP
559,Katie,Ramona,818 803-0772,China,Anhui,consumer,Anhui Loudi,Zu4JG7
560,Katy,Nathan,778 272-3286,China,Shanghai,consumer,Shanghai Jiamusi,KyXvVovwXVo
561,Kay,Moira,442 910-1266,China,Sichuan,consumer,Sichuan Pingquan,erZ5b81d5Imu
562,Kayla,Harlan,812 409-9474,China,Shandong,consumer,Shandong Luoyang,l6rJGRa0z8
563,Kayley,Swift,417 924-4310,China,Sichuan,consumer,Sichuan Xuancheng,crIO4NvHx12t
564,Keeley,Kurt,440 842-6334,Indonesia,International,consumer,International Probolinggo,IrlZmmUyg
565,Keith,Plains,954 824-7763,China,Liaoning,staff,Liaoning Suihua,eclnuV1KQk
566,Kelly,Gaye,562 344-0122,China,Xinjiang,consumer,Xinjiang Chuzhou,mwwNKe9
567,Kelly,Humble,815 267-3635,China,Xinjiang,consumer,Xinjiang Beihai,ukSgQu
568,Kelsey,Zea,850 094-9028,China,Sichuan,consumer,Sichuan Qingyang,FTMIMF3SF
569,Kelvin,Nola,720 709-2220,China,Fujian,consumer,Fujian Huangshan,MlD08ZXY0T
570,Kemp,Guardian,530 387-7211,China,Ningxia,consumer,Ningxia Yulin,yCpLdwqjPV
571,Ken,Royal,828 138-1327,United States,International,consumer,International San Joaquin,CbpcjkO
572,Kendra,Ferdinand,540 786-7726,China,Ningxia,consumer,Ningxia Yangzhong,qIOztgB
573,Kendrick,Endurance,251 171-9281,China,Hubei,staff,Hubei Helong,FasrcpYBGM
574,Kenelm,Nessa,514 215-5436,China,Shanghai,staff,Shanghai Taishan,XvTY4kLmV6
575,Kennard,Harry,856 713-6619,Bulgaria,International,consumer,International Sofia,F6qJQm2zDZw
576,Kenneth,Godly,405 987-9359,Paraguay,International,consumer,International Asunción,QRrnQV
577,Kent,Angela,754 159-2005,China,Taiwan,consumer,Taiwan Qian'an,vFvSElbF
578,Kenton,Trustworthy,651 205-7740,China,Shandong,consumer,Shandong Dehui,3983cymsX
579,Kerena,Kim,864 230-0352,South Korea,International,staff,International Tongyeong,UVCBN1qt
580,Kermit,Jimmy,947 432-5983,China,Guizhou,consumer,Guizhou Yong'an,rrPw8tbd
581,Kerr,Meris,517 244-1170,China,Taiwan,consumer,Taiwan Helong,ddzWy0r8
582,Kerry,Patience,475 325-9053,China,Liaoning,consumer,Liaoning Shenzhou,WAU4jbDGTmpd
583,Kerry,Foster,215 333-5148,China,Qinghai,staff,Qinghai Jiangyin,fXnEG5c3gi
584,Kevin,Red-Haired,250 038-4032,China,Macau,consumer,Macau Beijing,y6XVNpr1BD
585,Kim,Lewis,301 296-5297,Singapore,International,consumer,International Singapore,wu14ag4ST
586,Kimberley,Magda,630 093-6615,China,Tianjin,consumer,Tianjin Hezhou,hTPaHczi
587,King,Linda,801 505-1826,China,Zhejiang,staff,Zhejiang Qinyang,OEdx1KKszJu
588,Kingsley,Primrose,570 633-8801,China,Taiwan,consumer,Taiwan Guangzhou,xlv1KfqF
589,Kit,Nonfriend,334 062-3209,Tuvalu,International,consumer,International Funafuti,rHKMFu
590,Kitty,Vivian,239 175-7613,China,Tianjin,consumer,Tianjin Huangshi,3mvKMw
591,Kyla,Judy,410 218-0952,China,Gansu,consumer,Gansu Jian'ou,pvegtQ
592,Kyle,Oliver,786 030-6233,China,Zhejiang,consumer,Zhejiang Puning,dwzGJhyM
593,Kylie,Lincoln,878 061-6213,Chad,International,consumer,International N'Djamena,KzlOKTDGM
594,Kyran,Scott,480 285-6136,China,Xinjiang,consumer,Xinjiang Nehe,VwlQKla2c
595,Lacey,Emerson,415 849-2988,Ukraine,International,consumer,International Kiev,lj6lkiXM7Izw
596,Lacey,Prudence,670 117-4606,Croatia,International,staff,International Zagreb,FJczLuG
597,Lambert,Pearl,734 895-6639,China,Guangdong,consumer,Guangdong Dengta,jF03gKaYcF
598,Lana,Annette,757 947-2739,Suriname,International,consumer,International Paramaribo,jZSWX66s
599,Lance,Faith,850 076-7248,China,Tianjin,consumer,Tianjin Huangshi,DwHULtfeR
600,Lancelot,Horatio,313 800-4621,China,Tianjin,consumer,Tianjin Chaoyang,yRMlYGt9p
601,Larry,Graham,385 117-4719,Cyprus,International,consumer,International Nicosia,E77iuQ8e
602,Laura,Warlike,281 458-6910,China,Shanxi,consumer,Shanxi Xingning,wwSEzK
603,Laurel,Felix,586 284-7973,China,Fujian,staff,Fujian Sanhe,Prqj8lz
604,Lauren,Eddie,803 654-1005,United States,International,consumer,International Washington,pFwpdWp
605,Laurence,Zane,615 211-9468,China,Zhejiang,consumer,Zhejiang Xuchang,a5iSaNDz
606,Lawrence,Elfin,763 887-7213,China,Liaoning,consumer,Liaoning Huaibei,Zp1g2M
607,Leanne,Echo,671 939-9093,China,Shanxi,consumer,Shanxi Pingdingshan,slI9tXy3
608,Lee,Quenna,604 469-6966,China,Tibet,staff,Tibet Zhangzhou,17RAEP0F14
609,Lee,Trina,708 803-7349,China,Hunan,staff,Hunan Bozhou,xg73Tnq3
610,Leighton,Ulrica,220 296-3166,China,Hong Kong,consumer,Hong Kong Shanwei,PRjHuJ
611,Leland,Rodney,575 997-9461,China,Shanghai,consumer,Shanghai Tianchang,hctR0tqpBnMZ
612,Len,Dwight,306 713-9369,Ghana,International,consumer,International Accra,0VHu8tI
613,Lena,Gerald,579 549-5931,China,Hong Kong,consumer,Hong Kong Weihui,yrpZxqsQ4
614,Lennard,Megan,531 379-2913,Malta,International,consumer,International Valletta,YLDLn6x
615,Lenny,Sally,314 238-0228,China,Heilongjiang,consumer,Heilongjiang Chibi,ImvzPS
616,Leo,Katherine,205 086-4841,China,Jilin,consumer,Jilin Wudalianchi,JrLVqA7AERMM
617,Leon,Victoria,301 310-2788,China,Qinghai,consumer,Qinghai Lingbao,zk1MrnKY
618,Leona,Nourishing,604 127-0930,United Arab Emirates,International,consumer,International Abu Dhabi,ROOhD9YKzvd
619,Leonard,Immortal,912 253-2604,South Korea,International,consumer,International Siheung,sTcDZECKRzz
620,Leopold,Alarice,450 525-6244,China,Guangxi,consumer,Guangxi Liling,DX0pBTRh
621,Leroy,Dark,765 525-3123,China,Qinghai,consumer,Qinghai Chaohu,tlL4QUdE
622,Les,Herman,458 216-7211,Bulgaria,International,consumer,International Sofia,QnAGvirDfY
623,Lesley,Godfrey,712 504-3670,Indonesia,International,consumer,International Banjar,xm9ctioGfr
624,Lesley,Great,828 163-3514,Greece,International,consumer,International Athens,IRdmxHl9sQ
625,Lester,Weary,919 169-1979,China,Sichuan,consumer,Sichuan Baoding,8HodvKpF
626,Lewie,Martina,580 048-0805,China,Hubei,consumer,Hubei Shenzhen,jyfPtnGjG6e
627,Lex,Beatrix,780 323-6760,China,Guangxi,consumer,Guangxi Huangshan,rVuGiaCxe
628,Lexi,United,228 644-6347,China,Tibet,consumer,Tibet Zhoukou,ehprfB7
629,Lexy,Honey,347 397-3382,China,Inner,consumer,Inner Dongfang,y2iEvve70
630,Libby,Karen,404 093-6505,China,Xinjiang,consumer,Xinjiang Xinyi,PLH2VTMkjQf
631,Lilian,Female,380 517-0868,China,Xinjiang,consumer,Xinjiang Fuyang,LlmFiLn
632,Lilly,Kenyon,530 938-6580,China,Inner,staff,Inner Leiyang,gmy7VL6KVLR
633,Lily,Hanley,574 292-1850,Guatemala,International,consumer,International Guatemala City,fjeCw2wihOe
634,Lincoln,Egil,306 189-9835,China,Hebei,consumer,Hebei Yuanjiang,EnmVCHnDS
635,Linda,Fresh,540 021-7199,China,Jiangxi,consumer,Jiangxi Xiangcheng,YLFF43Xr
636,Linda,Brigid,820 082-3235,China,Anhui,consumer,Anhui Dexing,KsA8u06bn
637,Linden,Lester,607 968-0466,China,Shandong,consumer,Shandong Wu'an,4PlOvwU939Qg
638,Lindon,Priscilla,314 320-6080,China,Tianjin,consumer,Tianjin Jinggangshan,NotHTVU
639,Lindsay,Jane,267 557-9647,China,Taiwan,consumer,Taiwan Qitaihe,k02Zt6Vp
640,Lindy,Quinlan,640 944-8174,China,Macau,consumer,Macau Zhuozhou,jeZzfWEqBV
641,Linette,Stefan,870 944-0594,Uzbekistan,International,staff,International Tashkent,mxrDXqh96aJZ
642,Linford,Leroy,636 388-9195,China,Inner,consumer,Inner Leping,xqRpBYQguTw
643,Linsay,Sandra,217 901-2053,China,Taiwan,consumer,Taiwan Huizhou,UEOYBKfk
644,Linton,Owen,908 469-1821,China,Qinghai,consumer,Qinghai Liling,PawE4Q8Mayp
645,Liona,Lucia,757 211-6284,Indonesia,International,consumer,International Bandung,HaOfKbK
646,Lionel,Lion-like,323 529-7416,China,Shandong,consumer,Shandong Jiayuguan,Lv5lKQMC
647,Lisa,Quillan,747 433-0483,China,Hubei,consumer,Hubei Zhumadian,HJwVTwgnCL
648,Livia,Hardy,520 699-9166,China,Hunan,consumer,Hunan Liupanshui,0kl6QI6NM9
649,Liz,Sorrowful,340 209-7583,China,Qinghai,consumer,Qinghai Fangchenggang,QR8Y0Eb
650,Liza,Jeanne,239 370-3155,China,Zhejiang,consumer,Zhejiang Tumen,UQOp4oy
651,Lizzie,Kirk,708 671-0957,China,Guangxi,consumer,Guangxi Qinyang,mtQWaM1xvCR
652,Lola,Ebenezer,319 323-7121,Central African Republic,International,staff,International Bangui,5OhB2LatM7
653,Lonnie,Isaiah,873 487-7604,China,Gansu,consumer,Gansu Liaoyuan,rIntKcJ
654,Loretta,Ramsey,762 204-0727,Jordan,International,consumer,International Amman,McVrxyj
655,Lorne,April,256 407-6116,China,Ningxia,consumer,Ningxia Chibi,T9AU6CP
656,Lorraine,Ernestine,219 304-8811,China,Hunan,consumer,Hunan Puyang,kRBxqMO7sMDa
657,Lottie,Percy,986 357-4836,Samoa,International,consumer,International Apia,HZhddoU
658,Louie,Melody,778 961-8345,China,Ningxia,consumer,Ningxia Leping,Ohk0wzwbkVy
659,Louise,Max,703 109-5388,Cape Verde,International,staff,International Praia,i2dHtS
660,Lovell,Durwin,947 203-8151,China,Zhejiang,consumer,Zhejiang Xingning,CZ3ZbmM4oyJ
661,Lucas,Stacy,641 462-6223,China,Guizhou,consumer,Guizhou Jiangyin,mHb08waGZL9
662,Lucy,Fair,253 381-3425,Zimbabwe,International,consumer,International Harare,glSpUtPHX
663,Ludo,Blair,872 549-3267,China,Guangdong,consumer,Guangdong Danyang,hjlD4dWeNK1
664,Luke,Martin,781 168-4198,China,Jilin,consumer,Jilin Longnan,uTqwSH
665,Luther,Emeline,684 163-3020,China,Hunan,staff,Hunan Nangong,TVsSRILr
666,Lyle,Thomas,484 632-4755,China,Taiwan,consumer,Taiwan Zhijiang,C3Z3DKw
667,Lyndon,Harley,708 035-3315,China,Jilin,consumer,Jilin Shishou,cRyKEXx
668,Lynette,Iris,807 578-5754,China,Chongqing,consumer,Chongqing Enshi,2HRXcy
669,Lynn,Maisie,720 150-1470,Angola,International,consumer,International Luanda,5mt244g
670,Mabel,Orlena,530 003-0165,China,Qinghai,consumer,Qinghai Botou,KwW0HN
671,Madeline,Falkner,630 982-7336,China,Hainan,consumer,Hainan Macheng,kYxFIzkCEo
672,Madge,Melvin,231 972-7553,China,Tianjin,consumer,Tianjin Shangzhi,EuG9sHMo0ywK
673,Madonna,Fannie,947 299-0066,New Zealand,International,consumer,International Wellington,AWm1Mwldm
674,Maggie,Pleg,231 080-3112,China,Hebei,consumer,Hebei Xinzheng,5rg5UFAeB
675,Maggie,Godwin,825 867-9575,China,Ningxia,consumer,Ningxia Luoding,K5Th4AWPlt9
676,Magnus,Everett,612 391-0902,China,Hainan,consumer,Hainan Wuhai,SpyTa64d3y
677,Malcolm,Exalted,814 060-3882,United States,International,consumer,International Benson,LaFRE9IpD
678,Mallory,Graceful,514 407-4343,China,Sichuan,consumer,Sichuan Huanghua,75YEzrgPDzB
679,Malvina,Hall,216 966-2194,China,Jiangxi,consumer,Jiangxi Tonghua,weaj2MyDqm3U
680,Mandy,Becky,563 383-7327,Afghanistan,International,consumer,International Kabul,zjZW4xzYWJ2q
681,Manfred,Leticia,970 818-2226,China,Qinghai,consumer,Qinghai Jilin,TdJe1WzczX
682,Manley,Shawn,213 746-6544,China,Gansu,consumer,Gansu Ergun,SBY0vm23Y
683,Mara,Sharpe,301 378-8292,China,Ningxia,consumer,Ningxia Jiangmen,i3FWVS
684,Marc,Vivianne,469 457-5899,China,Ningxia,consumer,Ningxia Yumen,M3xO4if5iR
685,Marcia,Bernice,561 082-7925,United States,International,consumer,International San Fernando,AWIfnRHMcly
686,Margaret,Melville,431 543-0622,China,Shaanxi,consumer,Shaanxi Wuxi,tCfTGlIcK20
687,Marian,Geneva,570 814-7561,Nepal,International,consumer,International Kathmandu,poYT4Bcp4
688,Marice,James,509 694-0625,China,Gansu,consumer,Gansu Hanchuan,CSeCXicdRUz
689,Marilyn,Elvis,916 591-8201,China,Liaoning,consumer,Liaoning Shaowu,JVXce4GccePX
690,Mark,Awe-Inspiring,617 096-1519,Lithuania,International,consumer,International Vilnius,pdusmiNA0
691,Marlon,Livia,867 888-5547,China,Guangxi,consumer,Guangxi Danzhou,B8qn7pRWZs
692,Marmaduke,Rebecca,361 799-1378,Tunisia,International,consumer,International Tunis,R8V2aHbvahB
693,Marsh,Gale,601 979-8702,Sudan,International,staff,International Khartoum,rjLzeQ
694,Marshall,Ula,402 756-4679,China,Hainan,consumer,Hainan Guiyang,S7AtvsG
695,Martin,Elvira,618 473-8480,South Korea,International,consumer,International Siheung,c4z4pj
696,Marty,Elise,380 358-3182,China,Tibet,consumer,Tibet Xiamen,hNPORkiB
697,Marvin,Steward,385 573-2680,China,Macau,consumer,Macau Qingyuan,0dJlHoUo
698,Mary,Grant,902 038-1359,China,Hainan,consumer,Hainan Tumen,wWiO5B9WIkr
699,Mason,Pierce,901 200-0653,China,Xinjiang,consumer,Xinjiang Yangchun,jwLs0Ix
700,Matt,Myrrh,469 030-3744,China,Henan,consumer,Henan Bei'an,FWVI1L2XVe
701,Matthew,Kayleigh,269 577-5439,China,Ningxia,consumer,Ningxia Dongguan,GyjDPoFl
702,Maud,Laurel,405 025-5128,China,Anhui,staff,Anhui Genhe,BMiW5Xklt38M
703,Maura,Tina,270 043-4804,China,Inner,consumer,Inner Langfang,0vMxjvBKxsj
704,Maureen,Phineas,832 301-8139,China,Hebei,consumer,Hebei Changle,sB9oxlnX
705,Maurice,Nicholas,562 796-8107,China,Yunnan,consumer,Yunnan Kaiping,7bYxmC7s
706,Mavis,Leo,289 925-0960,Saint Lucia,International,consumer,International Castries,hup5yrWZ80
707,Max,Philbert,628 354-3029,China,Hainan,consumer,Hainan Fengzhen,RudaIadG6qC
708,Maxine,Emmanuel,364 352-4316,China,Jiangsu,consumer,Jiangsu Enshi,Ra5CtB
709,Maxwell,Tony,986 205-0320,Cape Verde,International,consumer,International Praia,stYHVN
710,May,Eve,541 357-0371,Kenya,International,consumer,International Nairobi,v53T1S
711,Maya,Small,651 823-3412,China,Hainan,consumer,Hainan Fushun,Fos4E2iYIc
712,Maynard,Brina,301 979-2224,China,Qinghai,consumer,Qinghai Hulunbuir,6r3YBgNSHW7E
713,Meg,Guide,850 794-3954,China,Guizhou,consumer,Guizhou Dongguan,KuBiiidk2
714,Mel,Gilbert,762 581-8724,China,Heilongjiang,consumer,Heilongjiang Gongyi,hENHMB
715,Melanie,Tower,213 771-0354,China,Xinjiang,consumer,Xinjiang Xingyang,ZiL5B5KePD7r
716,Melinda,Francesca,918 357-3977,Lebanon,International,consumer,International Beirut,yQfCiC8J
717,Melissa,Cheerful,727 978-4819,China,Hunan,consumer,Hunan Anqing,BsPcrjn
718,Melody,Leon,201 735-4939,South Korea,International,staff,International Seoul,cugvyPQ
719,Melville,Bertha,641 291-1057,China,Ningxia,consumer,Ningxia Qinhuangdao,fsdrL3O
720,Melvin,Maura,720 758-8897,China,Shanghai,consumer,Shanghai Anda,6X60rrgX
721,Melvin,Deirdre,534 561-4244,China,Shanxi,consumer,Shanxi Mingguang,rSRAz07Z20
722,Mercy,Rose,986 641-1186,China,Liaoning,consumer,Liaoning Yong'an,wDDvSB
723,Merle,Haley,332 497-7527,Saint Vincent and the Grenadines,International,consumer,International Kingstown,hEl9D6
724,Merlin,Lucille,913 989-4715,China,Tibet,consumer,Tibet Daye,9wbE6jOm
725,Michael,Ethan,414 037-4146,Indonesia,International,consumer,International Batu,HmZEEe
726,Mick,Sunshine,838 271-6193,China,Shandong,consumer,Shandong Changshu,hIBgoSig
727,Mike,Daphne,360 731-2608,El Salvador,International,consumer,International San Salvador,kXiPaVWCFK5
728,Milburn,Perry,917 075-5581,China,Qinghai,consumer,Qinghai Lianjiang,tIG5we7Zomf
729,Mildred,Farmer,343 606-0678,Botswana,International,consumer,International Gaborone,eomTOxa
730,Miles,Vincent,406 643-7507,China,Zhejiang,consumer,Zhejiang Suzhou,uFQHVOg3j8e
731,Millicent,Mark,567 683-9907,China,Gansu,consumer,Gansu Xinyi,ezD1MvY
732,Millie,Ellery,865 868-6563,Qatar,International,consumer,International Doha,VCwaWYMuB
733,Milo,Peyton,332 172-5218,China,Hainan,consumer,Hainan Qian'an,vH7ryBHOl6l
734,Milton,Rosa,562 341-6909,Saint Vincent and the Grenadines,International,consumer,International Kingstown,JH85OeD
735,Minnie,Free,775 111-1956,China,Hainan,staff,Hainan Wanning,ePc5m9hc
736,Mirabelle,Julie,250 864-9860,China,Guangxi,consumer,Guangxi Ulanhot,PIPoqh6B0k2i
737,Miranda,Strawberry,313 512-0071,China,Tianjin,staff,Tianjin Pingdingshan,P9PVrwfOpRsE
738,Misty,Bettina,775 917-0026,Japan,International,consumer,International Tokyo,Av48aILB4
739,Molly,Timothy,580 740-4713,China,Zhejiang,consumer,Zhejiang Xinghua,gmp8kNE
740,Mona,Irvin,567 499-8420,Somalia,International,consumer,International Mogadishu,y6HK7OvyryR
741,Monica,Irene,743 975-8184,China,Hebei,consumer,Hebei Yueyang,qmbrSwfk
742,Monroe,Eda,510 402-1928,Kuwait,International,consumer,International Kuwait City,YFsCT2HH3XyG
743,Montague,Ida,385 664-1279,South Korea,International,consumer,International Suncheon,CE6SIfQc
744,Montgomery,Medwin,220 823-8198,Serbia,International,consumer,International Belgrade,ZjMtODq495yg
745,Monty,Moorish,480 017-4136,China,Chongqing,consumer,Chongqing Puning,3FH3HK
746,Morris,Tammy,509 240-5609,Hungary,International,consumer,International Budapest,IKiXif
747,Mortimer,Barbara,352 982-6798,Trinidad and Tobago,International,consumer,International Port of Spain,P1Llyu
748,Morton,Lorelei,916 741-6884,Cuba,International,consumer,International Havana,eUQ6Ld78DN
749,Muriel,Crown,567 192-5142,China,Tianjin,consumer,Tianjin Holingol,4lyTHAkkE
750,Myra,Ruth,916 206-8820,Tunisia,International,consumer,International Tunis,FPpM1nIKA
751,Myrtle,Light,231 791-7407,China,Jiangxi,consumer,Jiangxi Gongyi,sYmULk
752,Nadia,Nursing,313 183-5703,China,Hunan,consumer,Hunan Zhongshan,7A7byIj
753,Nancy,Sidney,782 563-0963,China,Shanghai,consumer,Shanghai Qidong,MKk7FG7cc3vx
754,Nathaniel,Quinby,364 500-3849,China,Inner,consumer,Inner Dongtai,YQlWWmExzt8
755,Neal,Lancelot,442 552-2355,China,Shanghai,consumer,Shanghai Huanghua,FtMHwzuh
756,Ned,Gregory,949 968-1628,China,Zhejiang,consumer,Zhejiang Qianjiang,0YzSQSREff4
757,Neil,Jessie,704 149-3339,China,Macau,consumer,Macau Dingxi,78Es0CaOkr
758,Nell,Dylan,626 089-8093,China,Tianjin,staff,Tianjin Xinghua,wzNHNLg0
759,Nelson,Hector,612 622-3942,China,Liaoning,consumer,Liaoning Zhangjiakou,PPZPsBfXR
760,Nerissa,Sapphire,403 880-1548,China,Jilin,consumer,Jilin Liaoyuan,ICK6OH2Yqbe
761,Nessa,Prosperous,321 499-8299,Czech Republic,International,consumer,International Prague,dI3xCvQMgtJ
762,Neville,Gresham,905 136-2394,China,Liaoning,consumer,Liaoning Qingyang,6bv9ItLazKR
763,Nicholas,Maude,571 375-3225,China,Hong Kong,consumer,Hong Kong Jingmen,NvobUJ
764,Nicola,Kayla,838 191-7234,China,Guizhou,consumer,Guizhou Daqing,ZT6ALZ
765,Nigel,Travers,332 036-8833,China,Hebei,consumer,Hebei Hengyang,yGYg6zIhCXg6
766,Nita,Leith,701 927-4786,China,Sichuan,consumer,Sichuan Anqing,mrMgv1QJH
767,Noah,Fedora,347 954-8926,United States,International,consumer,International Benson,iJdxZF4qM1
768,Nora,Roy,312 072-5130,China,Macau,staff,Macau Jinshi,xuZu2iir
769,Noreen,John,307 729-1418,China,Qinghai,consumer,Qinghai Heshan,42Twshk
770,Norma,Kit,984 857-9881,United States,International,consumer,International Apache Junction,zVfIwltTl
771,Norman,Theodora,318 480-6323,Liberia,International,consumer,International Monrovia,MwAWO2OMf4jw
772,Norris,Vita,202 746-9650,China,Sichuan,consumer,Sichuan Yangzhong,PZCHvYstgkyE
773,Obadiah,Ivar,781 285-4565,China,Shanghai,consumer,Shanghai Wuhai,dQ7ha9BD
774,Octavia,Una,236 292-3918,China,Gansu,consumer,Gansu Yancheng,4G2UDDFN6G0
775,Olive,Ann,774 915-8020,China,Liaoning,consumer,Liaoning Chifeng,Fh1F0xqRRw
776,Oliver,Joanna,262 547-3690,Uruguay,International,consumer,International Montevideo,TVZKUNtmqK
777,Olivia,Praised,647 089-1364,China,Anhui,consumer,Anhui Wuwei,u2bP4ECuR
778,Ollie,Eileen,567 121-3710,China,Shanxi,consumer,Shanxi Guiyang,t4nzghz
779,Omar,Lionel,508 721-3609,China,Liaoning,consumer,Liaoning Fengcheng,jXU6OdmAwc
780,Opal,Wilbur,816 963-8881,China,Shanghai,consumer,Shanghai Jilin,66leAD
781,Orson,Silas,302 579-0496,China,Shanxi,consumer,Shanxi Dingzhou,UwQ5DbvP8
782,Orville,Timothea,260 890-3423,China,Jiangxi,consumer,Jiangxi Pingxiang,DrIoVFDrW1N
783,Osbert,Talia,212 517-2321,China,Anhui,consumer,Anhui Kaiping,5xAoEdKeV3
784,Oscar,Elena,802 925-4925,China,Hong Kong,consumer,Hong Kong Ningde,WtJdEnGP
785,Osmond,Ada,704 015-1468,China,Hong Kong,consumer,Hong Kong Guiyang,XWJTX998MRO
786,Oswald,Eleanor,573 974-5776,China,Shanxi,consumer,Shanxi Sanming,bJFH9u
787,Otis,Lilly,850 054-6428,China,Tianjin,consumer,Tianjin Beiliu,odmIkshT
788,Paddy,Linette,251 898-2839,China,Guangdong,consumer,Guangdong Bei'an,xvug4mdnq
789,Pamela,Orlantha,228 674-5364,China,Ningxia,consumer,Ningxia Panzhou,qjuTAmF
790,Pancras,Olive,430 563-5371,China,Hong Kong,consumer,Hong Kong Qingyang,uxMYDT1TFL6
791,Pandora,Lionard,913 656-0818,China,Qinghai,consumer,Qinghai Gaizhou,ITbRCL5ar
792,Pansy,Falcon,203 759-4217,China,Xinjiang,consumer,Xinjiang Jieshou,ORTVrfwfAUXr
793,Pat,Hunter,765 546-8141,China,Zhejiang,consumer,Zhejiang Tangshan,mCW7wgDh
794,Patience,Harold,613 325-1930,China,Hainan,staff,Hainan Changle,jgDefLtd
795,Patricia,Udolf,367 054-6126,Indonesia,International,consumer,International Pekalongan,uFE1S1
796,Patrick,Blooming,727 768-4265,China,Yunnan,consumer,Yunnan Xuancheng,YdTNeo9
797,Patsy,Renata,878 501-4947,Bahamas,International,consumer,International Nassau,bQm7m4
798,Paul,Beard,574 079-4904,China,Zhejiang,consumer,Zhejiang Jinchang,XZzsuCAhMc
799,Paula,Davin,416 802-5848,Namibia,International,consumer,International Windhoek,oTOHmCF19
800,Pearce,Dawn,865 198-3746,Luxembourg,International,consumer,International Luxembourg,Drb3QqFVTVO
801,Pearl,Kody,570 629-9605,China,Shanxi,consumer,Shanxi Heihe,YSuwrWxGg
802,Peggy,Ezra,567 561-3246,Indonesia,International,consumer,International Batu,fH6XXXBOgm
803,Penelope,Gardener,904 599-8232,China,Yunnan,staff,Yunnan Nangong,JJHNIxIbys9
804,Perce,Declan,916 394-6020,China,Jiangsu,staff,Jiangsu Liling,LCw4tGISYMG
805,Percival,Listener,475 642-6590,Belarus,International,consumer,International Minsk,fHKqhBu9
806,Percy,Winston,510 085-0510,Papua New Guinea,International,consumer,International Port Moresby,74rfqA
807,Perry,Roger,937 453-6709,Tonga,International,consumer,International Nukuʻalofa,mPW7yjW2bi
808,Peter,Freeman,458 542-3531,China,Chongqing,consumer,Chongqing Jinchang,wlvQMn
809,Petra,Violet,740 511-0467,China,Shanghai,consumer,Shanghai Sansha,xmYWezL4c
810,Petula,Tilda,571 611-6207,China,Chongqing,consumer,Chongqing Erenhot,aPedsi9g2UbN
811,Phil,Harvester,616 713-3259,China,Shandong,consumer,Shandong Chizhou,lY5rj5U
812,Philbert,White,978 582-4966,China,Qinghai,consumer,Qinghai Mudanjiang,iUBj5ezrc
813,Philip,Mandy,714 438-1158,China,Beijing,consumer,Beijing Beipiao,6cxbjXN9
814,Philippa,Hal,365 422-5862,Indonesia,International,consumer,International Probolinggo,Eqg8xYbKY
815,Philo,Salena,616 868-5827,South Korea,International,consumer,International Suwon,OU7wOLqWN
816,Philomena,Rhett,217 569-7686,China,Xinjiang,consumer,Xinjiang Jingmen,6Q3HQlbKZvT
817,Phoebe,Page,409 376-7500,China,Tibet,consumer,Tibet Fushun,3FDlaQR6G2O
818,Phyllis,Gazelle,367 921-4407,China,Guizhou,consumer,Guizhou Liuzhou,8L04Vh9x
819,Pierce,Drucilla,863 298-2782,China,Shaanxi,consumer,Shaanxi Jinchang,xJEaBghKcVlw
820,Piers,Mighty,435 429-7770,China,Liaoning,consumer,Liaoning Guigang,Kh2115j2Spmp
821,Pippa,Emery,570 481-1989,China,Liaoning,consumer,Liaoning Shanwei,n1gAyf3b
822,Polly,Dark,430 752-8145,China,Ningxia,consumer,Ningxia Benxi,xjOYJQbd
823,Poppy,Blueberry,620 961-5741,China,Anhui,consumer,Anhui Loudi,JrQLUM
824,Primrose,Dean,562 331-7882,Bosnia and Herzegovina,International,consumer,International Sarajevo,yNYSaCfTkN
825,Prudence,Mora,484 952-6398,China,Shanghai,consumer,Shanghai Jingxi,DknggTiShbeH
826,Prunella,Alina,813 329-8607,China,Guangxi,consumer,Guangxi Shangzhi,um3tmlYDx
827,Queenie,Beth,239 460-9777,China,Hong Kong,consumer,Hong Kong Xinyu,c5hOA6KZ
828,Quentin,Hadden,828 633-0009,Nigeria,International,consumer,International Abuja,QQ0Dfz
829,Quincy,Emmett,662 162-0681,Honduras,International,consumer,International Tegucigalpa,m0YdH58HpmW6
830,Quinn,Douglas,434 075-1752,China,Hong Kong,consumer,Hong Kong Yangchun,RCV7Ipo
831,Quintus,Silver,640 495-9634,China,Yunnan,consumer,Yunnan Qitaihe,KJnQEdSWO7a
832,Rachel,Imogen,760 995-0355,Indonesia,International,consumer,International Bogor,8GJleVTnBy
833,Rafe,Lane,548 757-3993,China,Hainan,consumer,Hainan Meizhou,doxrJ2NO
834,Raine,Larina,608 159-8921,China,Liaoning,consumer,Liaoning Shangrao,bq9ADabo
835,Ralph,Drew,660 840-2422,China,Sichuan,staff,Sichuan Dandong,RuHvVT6bZD
836,Randall,Kane,501 192-4617,China,Zhejiang,consumer,Zhejiang Shaoyang,N68hapHh
837,Randolph,Lacey,508 592-4045,China,Guangxi,consumer,Guangxi Fujin,hStprp
838,Randy,Elroy,831 250-7649,United States,International,consumer,International Apache Junction,CU9zEBF
839,Raphael,Horace,517 176-9969,Equatorial Guinea,International,consumer,International Malabo,mMJGkqq
840,Ray,Harris,986 721-2945,China,Guangdong,consumer,Guangdong Gaobeidian,lvIxpW
841,Raymond,Olin,272 292-6597,Kyrgyzstan,International,consumer,International Bishkek,Ieh1TjvoBVl
842,Reanna,Hugh,774 819-2830,China,Zhejiang,consumer,Zhejiang Jiangyin,VAeC06
843,Reenie,Robin,267 435-1640,China,Shandong,consumer,Shandong Huanggang,C1A2UE
844,Reg,Roderick,910 354-6912,Denmark,International,consumer,International Copenhagen,xvTYHzS
845,Reggie,Otis,431 363-4726,China,Shaanxi,consumer,Shaanxi Suzhou,TkbQkGz4EG
846,Regina,Elga,617 484-2364,Bahamas,International,consumer,International Nassau,je2bEtMlq5
847,Reginald,Sheila,267 902-9286,China,Gansu,consumer,Gansu Shanwei,LStcaz
848,Reid,Germaine,763 497-5234,China,Hunan,consumer,Hunan Jingdezhen,A5xbEeDwXBuh
849,Remus,Kiefer,830 255-8375,China,Anhui,consumer,Anhui Zhangzhou,cJcWpCpzXni
850,Renfred,Lindsay,220 554-4543,Ecuador,International,consumer,International Quito,gQfmPIHwPco
851,Rex,Primavera,470 917-0202,China,Beijing,consumer,Beijing Tangshan,b92S2wCW
852,Reynard,Bridget,365 461-7510,United States,International,consumer,International San Carlos,bJSRUaiXgmNm
853,Rhoda,Estra,424 228-5382,China,Hunan,consumer,Hunan Jiaohe,s56UVwgo
854,Rich,Josephine,530 556-0010,China,Chongqing,staff,Chongqing Shaoguan,VRRqY6IN
855,Richard,Lea,231 835-1596,China,Jiangxi,consumer,Jiangxi Chongqing,7Qi8ekw8
856,Richie,Dion,612 839-7170,China,Chongqing,consumer,Chongqing Handan,dE8acHQb
857,Ridley,Thomasina,214 673-2749,China,Jiangxi,staff,Jiangxi Leiyang,3KMDCtvt
858,Rikki,Denise,586 974-1871,China,Beijing,staff,Beijing Huainan,eJ0LDVHAXqS3
859,Riley,Sterling,206 459-1168,China,Tianjin,consumer,Tianjin Dengfeng,e8C87DrJrqX
860,Rina,Divine,517 774-6808,China,Chongqing,consumer,Chongqing Daqing,zgC4yB
861,Rita,Handsome,956 461-7965,China,Shanghai,consumer,Shanghai Jingzhou,qIUSgpLre
862,Robert,Gaiety,781 649-8406,China,Tianjin,consumer,Tianjin Liling,M16f67dk
863,Robin,Rosanne,430 770-9298,Kyrgyzstan,International,consumer,International Bishkek,JWax8e
864,Robin,Queenly,859 626-7084,China,Tianjin,consumer,Tianjin Huixian,VEJV0d
865,Rocky,Matthew,807 596-1071,China,Zhejiang,consumer,Zhejiang Wuzhishan,7xHxQQH0I
866,Rod,Simona,402 580-0911,Montenegro,International,consumer,International Podgorica,4NBSPpYS
867,Roderick,Luther,587 191-3225,China,Liaoning,consumer,Liaoning Ji'an,7JQzgbGOG5z
868,Rodney,Jasper,913 999-8173,China,Guizhou,consumer,Guizhou Guixi,K1ZBkB
869,Roger,Amber,781 678-5605,Namibia,International,consumer,International Windhoek,kobMnLafhV7
870,Roland,Eldwin,205 983-4685,China,Xinjiang,consumer,Xinjiang Xuzhou,1VIGEXTFWtD
871,Rolf,Olivia,769 693-6308,China,Tianjin,consumer,Tianjin Sanming,KlAQeFgUOw
872,Roly,Fair-Haired,403 807-3871,China,Beijing,consumer,Beijing Yakeshi,V7OVIwtu
873,Ronald,Patricia,989 796-0048,China,Liaoning,consumer,Liaoning Tonghua,KAlDoN8dv
874,Ronnie,Unwin,731 534-2797,China,Hong Kong,consumer,Hong Kong Xilinhot,zQuHHckI
875,Ronnie,Peacemaker,425 175-6882,China,Guizhou,consumer,Guizhou Chifeng,aiYW7n
876,Rosalind,Natalie,430 569-7685,Zimbabwe,International,consumer,International Harare,KWjzXjv0
877,Rose,Hayley,531 045-3234,Paraguay,International,consumer,International Asunción,BcYDA1AfaK
878,Roseanne,Patriotic,747 542-9447,United States,International,consumer,International San Carlos,J4WQmXr
879,Rosemary,Nimble,772 612-5229,China,Tianjin,consumer,Tianjin Huanghua,2YMJbOrn9
880,Rosie,Drake,867 497-7560,Mauritania,International,consumer,International Nouakchott,SBMTEsDgvGc
881,Ross,Angelic,803 510-2391,China,Shaanxi,consumer,Shaanxi Lushan,KluG6kxcqBpm
882,Rowan,Maiden,608 603-2570,Uzbekistan,International,consumer,International Tashkent,LfbMS3
883,Rowena,Odette,971 692-0919,Indonesia,International,consumer,International Semarang,vVVTGJItSQiL
884,Rowley,Erskine,548 374-6381,China,Sichuan,consumer,Sichuan Zunyi,4cTtJ9r
885,Roxanne,Fiona,248 376-6241,China,Taiwan,consumer,Taiwan Tianjin,RQDcWjwmj
886,Roy,Heath,704 502-7857,Burkina Faso,International,consumer,International Ouagadougou,oFnoQUVy
887,Royle,Frida,234 676-1875,China,Sichuan,consumer,Sichuan Linxiang,cKG7AB4ZbhI
888,Ruby,Shining,646 009-8533,Brazil,International,consumer,International Brasília,BMkzpZw0
889,Rufus,Nina,763 076-3807,China,Guangdong,consumer,Guangdong Wuxi,DmfOXZInS
890,Rupert,Industrious,510 862-2115,China,Sichuan,consumer,Sichuan Quanzhou,LO4sXtx2Y
891,Russ,Agnes,478 660-7487,China,Jiangxi,consumer,Jiangxi Changshu,467XHaQmDe3l
892,Russell,Helen,801 497-4069,Macedonia,International,consumer,International Skopje,FOEnqszoU
893,Rusty,Keegan,929 884-7294,United Kingdom,International,consumer,International London,DM9dcu6U95
894,Ryan,Denley,737 099-0254,Madagascar,International,consumer,International Antananarivo,E9llMCtOog4
895,Sabella,Jasmine,509 820-3587,China,Taiwan,consumer,Taiwan Shanghai,1wx46zC
896,Sabrina,Maureen,510 571-6236,Latvia,International,consumer,International Riga,aMePrqd
897,Sadie,Esmeralda,585 107-4100,China,Fujian,consumer,Fujian Jinshi,xTUMpxQOW0
898,Sally,Walton,412 965-9199,China,Zhejiang,consumer,Zhejiang Bazhou,hqRt5fcjoDA
899,Samantha,Glenn,520 578-2642,China,Inner,consumer,Inner Liuyang,g99cN2dmL6Z
900,Samson,Isaac,860 676-8513,United States,International,consumer,International San Jose,8HMZ2p
901,Samuel,Marnia,902 311-3184,Guyana,International,consumer,International Georgetown,YYhbUfX
902,Sandford,Estelle,805 550-2532,Indonesia,International,consumer,International Jakarta,T4E2EB
903,Sandra,Thora,438 040-5445,Pakistan,International,consumer,International Islamabad,ecFCbxFw5tAI
904,Sandy,Egerton,732 060-6012,China,Jilin,consumer,Jilin Shishou,3tgSuaei
905,Sandy,Cub,405 943-3823,China,Qinghai,consumer,Qinghai Danzhou,ZF94VDNpM
906,Sanford,Montgomery,804 353-6741,China,Guizhou,consumer,Guizhou Ning'an,DUmBLhGZnTSi
907,Sapphire,Leonard,202 565-6217,China,Zhejiang,consumer,Zhejiang Leping,SidGbSipIf
908,Scarlett,Blind,380 184-9417,Senegal,International,consumer,International Dakar,RtNDMdjRUv
909,Scott,Gertrude,279 155-8075,Dominican Republic,International,staff,International Santo Domingo,52c4phNyx
910,Sebastian,Tatum,825 905-1552,China,Shanghai,consumer,Shanghai Zhaoqing,t1VCielxOG
911,Selena,Bethany,201 321-6971,Indonesia,International,consumer,International Bogor,6UqWeOU7r
912,Selwyn,Commander,405 350-4987,China,Beijing,consumer,Beijing Hulin,OjPKwkEjYafN
913,Seymour,Farrell,765 999-3973,Saint Kitts and Nevis,International,consumer,International Basseterre,5QAOB6pxQB
914,Shane,Lynn,310 414-1988,China,Shandong,consumer,Shandong Maoming,1qXXbGRcw9
915,Shannah,Lloyd,870 856-9143,China,Liaoning,consumer,Liaoning Panzhou,lhl7M4s
916,Shannon,Searcher,321 034-3159,China,Zhejiang,consumer,Zhejiang Ezhou,TDW7BQRI6v
917,Sharon,Troy,339 803-0929,China,Liaoning,consumer,Liaoning Yancheng,PXQL12z3QDM
918,Shaun,Gemstone,763 910-4950,Tonga,International,consumer,International Nukuʻalofa,bhnY9IxB
919,Shawn,Gilroy,571 058-7632,China,Anhui,consumer,Anhui Mingguang,jbxRMAj
920,Sheila,Lane,805 867-8503,China,Ningxia,consumer,Ningxia Wuyishan,KkUbIJ5o
921,Sheldon,Warrior,218 404-2208,United States,International,consumer,International San Bernardino,JL9O2uYezb7d
922,Shelley,Hannah,209 308-1415,Slovenia,International,consumer,International Ljubljana,I15z5baYF
923,Shirley,Edeline,854 265-1025,South Sudan,International,consumer,International Juba,Ix6o8kxDYW0
924,Sidney,Erin,825 062-3281,China,Tibet,consumer,Tibet Chaohu,4RHvnzNLk97
925,Sigmund,Nerita,517 418-5948,Bangladesh,International,consumer,International Dhaka,hKlZqIsV
926,Silver,Loveable,603 673-4623,China,Guangdong,consumer,Guangdong Hongjiang,wjW44tAFAsT
927,Simon,Powerful,786 891-4746,United States,International,consumer,International San Bernardino,SAeJ4aAX
928,Sinclair,Lively,210 352-0725,United States,International,consumer,International San Carlos,KLt3OjzvSQ
929,Sissy,Frederica,985 910-4826,China,Gansu,consumer,Gansu Yingcheng,51J0BpE8T
930,Skipper,Mabel,907 469-1541,China,Hainan,consumer,Hainan Dengzhou,BpFOP4PrUC
931,Skye,Norseman,647 353-9687,Philippines,International,consumer,International Manila,LLM2ZTUmP
932,Spencer,Lorraine,571 672-7097,China,Qinghai,consumer,Qinghai Qinhuangdao,5LFLh5QJ
933,Spike,Dale,702 225-5987,China,Gansu,consumer,Gansu Quanzhou,banyvszR2
934,Stacy,Bess,484 225-8874,China,Heilongjiang,consumer,Heilongjiang Botou,zqbsJV4X
935,Stan,Abigail,205 544-2289,Turkmenistan,International,consumer,International Ashgabat,tlFq8A6Bp
936,Stanley,Zera,903 248-7245,China,Sichuan,consumer,Sichuan Fuzhou,dn5NmOMch6
937,Stephan,Mary,570 282-6135,China,Tibet,consumer,Tibet Chaohu,YirA7B
938,Stephen,Tanya,351 902-5396,Syria,International,consumer,International Damascus,3uw2N2
939,Sterling,Orson,641 128-0442,China,Chongqing,consumer,Chongqing Gaobeidian,WmF332
940,Stewart,Nobleman,450 579-7757,Denmark,International,consumer,International Copenhagen,Di4IdaTH8R
941,Stuart,Juliana,787 900-6678,China,Gansu,consumer,Gansu Suzhou,ez3b5YklWI2
942,Sue,Robin,206 852-8043,Samoa,International,consumer,International Apia,Bq7rAstM8v
943,Summer,Earthy,337 536-1739,China,Chongqing,consumer,Chongqing Anyang,ADydIkZ7L
944,Susan,Harrison,332 716-0100,China,Sichuan,staff,Sichuan Sanhe,I5s55Fa5DQ
945,Sybil,Victorious,867 293-8192,United States,International,consumer,International San Gabriel,7FDxBwMVCy
946,Sybil,Stephen,772 806-2401,Costa Rica,International,consumer,International San José,cJaGdxs2
947,Sylvester,Sean,919 105-2204,China,Zhejiang,consumer,Zhejiang Yima,LCyv12o
948,Sylvia,Lowell,604 066-4016,China,Shaanxi,consumer,Shaanxi Xinyang,gYK67M9
949,Tad,Diana,954 825-9951,China,Sichuan,consumer,Sichuan Lengshuijiang,Q0djE68ZNk
950,Tammy,Shirley,708 556-2068,China,Sichuan,staff,Sichuan Jian'ou,ehUqdImb6O
951,Tamsin,Noblewoman,351 661-1317,China,Ningxia,consumer,Ningxia Jingjiang,usXkMTDvuOxl
952,Tansy,Donald,662 420-9303,China,Shanxi,consumer,Shanxi Hebi,0tjMiIJ7uiGF
953,Tara,Mariner,931 366-0335,China,Hong Kong,staff,Hong Kong Ruzhou,VUW8Ui
954,Tasha,Quimby,573 111-4002,China,Tibet,consumer,Tibet Ulanhot,Zm9f46il
955,Tawny,Louis,404 159-0629,Nicaragua,International,consumer,International Managua,vClcq4i1Ynxj
956,Taylor,Stream,336 588-5966,China,Qinghai,consumer,Qinghai Dingzhou,PVIMq0oY
957,Ted,Spencer,585 482-3469,United States,International,consumer,International San Dimas,VUFuig1dz
958,Teddy,Agatha,564 894-0396,United Arab Emirates,International,consumer,International Abu Dhabi,PRiTXkQcZhi
959,Terence,Majestic,772 215-5876,China,Qinghai,consumer,Qinghai Tianchang,bEFSIQ6NBIH
960,Teri,Lolita,319 007-1703,Norway,International,consumer,International Oslo,FCHnKu2
961,Terry,Effie,937 257-3115,South Korea,International,consumer,International Uiwang,jrnefdk
962,Tessa,Dominique,220 083-2390,Guinea-Bissau,International,consumer,International Bissau,8RFCCUCJji3x
963,Thelma,Zelda,936 791-0340,Mali,International,consumer,International Bamako,pAyeb1Plh3
964,Theo,Kerry,615 616-0078,Dominica,International,staff,International Roseau,oXEXV5G
965,Theo,Dermot,475 672-7066,China,Shaanxi,consumer,Shaanxi Jiamusi,FaHzzV4YG
966,Theobold,Quentin,380 169-2412,Rwanda,International,staff,International Kigali,mAxn5h
967,Theodore,Bonnie,530 767-3441,Belarus,International,consumer,International Minsk,QJzK87
968,Thomas,Gerard,725 401-9586,China,Fujian,consumer,Fujian Xiangcheng,yOYczpOuCkCn
969,Tiffany,Justin,956 846-4425,Palau,International,consumer,International Ngerulmud,pkM4Ca5b
970,Tilda,Neal,601 622-7155,China,Jiangsu,consumer,Jiangsu Xuzhou,O8b0oVKP
971,Timothy,Hadley,567 479-7466,China,Hubei,consumer,Hubei Honghu,dF5RNe
972,Toby,Maria,862 132-9592,China,Shanxi,consumer,Shanxi Anda,Qxwwzhu
973,Todd,Maurice,551 274-8573,Belarus,International,consumer,International Minsk,rcNwlnlP2E
974,Tom,Felicia,684 061-8498,China,Macau,consumer,Macau Beipiao,cMSAUbS4
975,Tommy,Honor,856 669-4827,Slovakia,International,consumer,International Bratislava,2TUrdbPpzeSg
976,Tony,Eudora,774 885-0328,Indonesia,International,consumer,International Malang,YHMivDN
977,Tori,Morgan,541 729-8739,China,Jiangsu,consumer,Jiangsu Sanming,vlxuNkfupM
978,Tracy,Giffy,475 981-1261,China,Taiwan,staff,Taiwan Gaozhou,5BlsAewz
979,Travis,Virtuous,352 384-7364,China,Shaanxi,consumer,Shaanxi Mengzhou,2oXD5SpBwtWY
980,Trina,Warlike,408 429-6492,China,Fujian,consumer,Fujian Longyan,m4Qjril
981,Trisha,Victorious,250 708-5304,China,Hebei,consumer,Hebei Mengzhou,Y2oDRr7y
982,Tristan,Shelley,202 693-2402,China,Tianjin,consumer,Tianjin Wuchang,Q8x3Ptd
983,Tristram,Danielle,203 755-7481,China,Shanxi,consumer,Shanxi Tonghua,OOmXwn4dsqlF
984,Trixie,Udele,609 221-7426,China,Beijing,consumer,Beijing Shaoshan,OgxMY9F
985,Troy,Ernest,908 212-7604,China,Jiangsu,consumer,Jiangsu Jurong,9zsfLC
986,Trudy,Wolf,772 891-1586,China,Shandong,consumer,Shandong Linjiang,mZFFOfa58q
987,Truman,Damon,859 131-8326,Canada,International,consumer,International Ottawa,Re6QKJyn
988,Tyler,Bernadette,769 851-5488,China,Beijing,consumer,Beijing Anshun,R7IGI1M04nc
989,Tyrone,Noelle,614 860-7969,China,Hainan,consumer,Hainan Handan,fRQNikf9Rw
990,Ulric,Sibley,607 805-5767,United States,International,staff,International San Francisco,AfNyLwG
991,Unity,June,240 796-9445,Djibouti,International,consumer,International Djibouti,KuqUAqCoQGm
992,Urban,Beautiful,934 056-7481,China,Gansu,consumer,Gansu Beijing,qhyCg7VpIgM
993,Ursa,Toby,862 095-7147,Togo,International,consumer,International Lomé,zD3EYOMFFE
994,Ursula,Landon,850 550-7522,China,Hong Kong,consumer,Hong Kong Beizhen,v6XR6GRH
995,Val,Blessed,215 223-4260,China,Liaoning,consumer,Liaoning Suihua,aEBsSRK
996,Valda,Melinda,726 289-6664,San Marino,International,consumer,International San Marino,vzzvcJEWI
997,Valene,Ivory,530 781-6290,China,Shaanxi,consumer,Shaanxi Xuchang,u8cUw8qk
998,Valentine,Riley,213 278-2354,China,Liaoning,consumer,Liaoning Dongtai,VLEa45GA
999,Valerie,Edric,423 923-4391,China,Hainan,staff,Hainan Putian,78wPuAno
1000,Vanessa,Zera,636 421-5781,China,Shaanxi,staff,Shaanxi Yulin,LXRezj
1001,Velma,Ethen,640 235-4407,United Kingdom,International,consumer,International London,IT8O7ow79
1002,Vere,Fair-Haired,562 774-7940,China,Hunan,consumer,Hunan Nantong,Lz7IEB
1003,Vere,Soldier,267 360-3560,China,Tianjin,consumer,Tianjin Ma'anshan,mG5jrK2ISkOE
1004,Vergil,Imogene,431 290-9165,China,Taiwan,consumer,Taiwan Laohekou,TcjtZkLM
1005,Verity,Wanderer,717 842-1999,China,Hunan,consumer,Hunan Sanhe,6L5pTR
1006,Vernon,Irvin,920 684-1229,China,Tianjin,consumer,Tianjin Fuquan,Yfl5QLecY
1007,Verona,Kit,220 831-2244,China,Taiwan,consumer,Taiwan Danjiangkou,AjAeKN6LoM
1008,Vicky,Ives,902 448-6892,China,Jilin,consumer,Jilin Bei'an,DXEXnai1
1009,Victor,Wesley,334 803-9072,China,Liaoning,consumer,Liaoning Beizhen,xI2OaYeWBhmM
1010,Victoria,Georgiana,267 472-8630,China,Zhejiang,consumer,Zhejiang Chizhou,xtozryeSms9L
1011,Vince,Orlantha,269 552-7484,China,Jiangxi,consumer,Jiangxi Duyun,nmuOQUk
1012,Vincent,Ross,380 000-1628,China,Zhejiang,staff,Zhejiang Jian'ou,0Ia6FbOKtrQt
1013,Viola,Fox,916 673-1533,Estonia,International,consumer,International Tallinn,49Lj1mNgKo
1014,Violet,Geraldine,709 280-6247,United Kingdom,International,consumer,International London,4YA7QI2K
1015,Virgil,Goddard,848 953-2074,United States,International,consumer,International Buckeye,vU9CDlCVo
1016,Virginia,Female,973 014-4148,China,Shanghai,consumer,Shanghai Maoming,5VjymFkri
1017,Vita,Eldon,859 746-1927,Uruguay,International,consumer,International Montevideo,p14bj4yHBzx5
1018,Vivian,Gideon,442 157-1718,China,Shandong,consumer,Shandong Nanping,nfjRRW
1019,Waally,Arleen,618 661-5734,China,Hubei,consumer,Hubei Nangong,J8R5WJa
1020,Wade,Amiable,979 266-0363,Croatia,International,consumer,International Zagreb,sjGVzJ8HU6o
1021,Waldo,Alanna,334 967-2145,China,Taiwan,consumer,Taiwan Yichang,M3AX2F5cx
1022,Wallace,Eli,867 107-6624,Colombia,International,consumer,International Bogotá,THDO3TwZ
1023,Walter,James,864 032-2914,China,Liaoning,consumer,Liaoning Wuwei,3eiSkvUg8LK
1024,Wanda,Selene,856 271-6623,China,Taiwan,consumer,Taiwan Yanshi,NFfqBhcp
1025,Ward,Free,956 733-6518,China,Shanxi,staff,Shanxi Rugao,TkFXa7d
1026,Warren,Sorrowful,310 685-7092,United States,International,consumer,International Benson,HO748qSMVv
1027,Warwick,Maiden,223 689-3563,Cape Verde,International,consumer,International Praia,RnikCIH
1028,Watkin,Jimmy,913 353-8168,China,Shanxi,consumer,Shanxi Yichun,I6uX6TsNB4z
1029,Wayne,Nonfriend,709 046-1912,China,Shanghai,consumer,Shanghai Chenzhou,0QkM8CbYI
1030,Webster,Eve,319 796-5001,Nigeria,International,consumer,International Abuja,zz2Nncj
1031,Wendy,Montgomery,825 242-6386,China,Zhejiang,consumer,Zhejiang Shangrao,J8U1GfkeTf6
1032,Wesley,Fergal,269 588-4467,China,Shanxi,consumer,Shanxi Ningde,2aM3z1rSGu8s
1033,Whitney,Brina,530 549-6117,China,Guangdong,consumer,Guangdong Honghu,toD6Rq5oLKU7
1034,Wilberforce,Willette,236 475-7943,Mozambique,International,consumer,International Maputo,fnsDVd
1035,Wilbur,Dutiful,303 621-8159,China,Tianjin,consumer,Tianjin Lianyuan,iFQjraG311
1036,Wilfrid,Smalls,463 254-5469,China,Shanxi,consumer,Shanxi Hulin,ddwRTc
1037,Will,Shirley,512 926-1605,China,Qinghai,consumer,Qinghai Yiyang,rlIY8jWD
1038,Willa,Olin,605 596-8791,China,Hainan,consumer,Hainan Wugang,9sYvhfC
1039,Willard,Thalia,803 186-6452,China,Liaoning,staff,Liaoning Longyan,LKFPgP
1040,William,Percy,551 511-8641,China,Gansu,staff,Gansu Yushu,Z545AfqAH
1041,Willow,Efrain,778 342-9181,China,Qinghai,consumer,Qinghai Hengshui,XwTE44OEkvf
1042,Wilmot,Moorish,602 107-7534,China,Henan,consumer,Henan Xuchang,j88x4qB5cJTY
1043,Wilona,Anita,319 258-7864,China,Guizhou,consumer,Guizhou Xinyang,vpZEI6d7lss
1044,Windsor,Egerton,931 153-5161,United States,International,consumer,International San Jacinto,FQrYv30W
1045,Winifred,Lion-like,573 089-8059,China,Yunnan,consumer,Yunnan Dalian,f0nn73Y
1046,Winston,Relic,408 294-6030,United States,International,consumer,International San Fernando,bIRKMrTUxi
1047,Winthrop,Winston,458 092-7079,Bosnia and Herzegovina,International,consumer,International Sarajevo,82YUPT4xH
1048,Winton,Regal,380 164-7282,China,Shanghai,consumer,Shanghai Qinhuangdao,7IBDs0lf
1049,Woody,Sorro,707 292-8696,China,Hainan,consumer,Hainan Beihai,BaWv5mjhxQ4
1050,Wynne,Spencer,613 057-9082,China,Beijing,consumer,Beijing Yingde,RyRGcrze
1051,Xenia,Donna,445 742-0011,China,Hong Kong,staff,Hong Kong Shanwei,8rL5WiJQ3JnU
1052,Xenthe,Amaryllis,609 526-6175,China,Shanxi,consumer,Shanxi Jingdezhen,OUSFG8t
1053,Yasmin,Michael,985 233-1525,China,Shandong,consumer,Shandong Jieyang,nsbsgJM1
1054,Yolanda,Leigh,276 969-8426,China,Shandong,consumer,Shandong Zhuhai,04Ds7msBO
1055,Zach,Powerful,779 514-8610,China,Shanxi,staff,Shanxi Dingzhou,bVpTW99Y7
1056,Zachary,Famous,254 600-5367,Ukraine,International,consumer,International Kiev,9zt8HhBkKTsd
1057,Zanna,Matilda,682 347-0600,China,Liaoning,consumer,Liaoning Hailun,70a9xAybnHIp
1058,Zelda,Alda,947 405-5498,China,Shanxi,consumer,Shanxi Ningde,J8YWPe2f272
1059,Zelene,Olivy,361 534-7809,China,Tianjin,consumer,Tianjin Chibi,UTGXNOW7
1060,Zeph,Happy,865 412-0872,China,Shandong,staff,Shandong Qitaihe,ml30WN
1061,Zera,Victors,321 423-7981,China,Tianjin,consumer,Tianjin Xinxiang,tspFCi5wU9Ca
1062,Zoe,Prudence,308 117-047,China,Sichuan,consumer,Sichuan Huizhou,pCIxPvEr