user_id,first_name,last_name,phone_number,country_name,province,role,street_address
0,Abbey,Gwen,814 998-6229,Montenegro,International,consumer,International Podgorica
1,Abbie,Ken,508 420-3608,China,Guangdong,consumer,Guangdong Gongzhuling
2,Abbott,Leslie,769 044-5994,China,Guangxi,staff,Guangxi Renhuai
3,Abe,Jesse,701 801-2284,Belize,International,consumer,International Belmopan
4,Abigail,Jeffrey,305 985-4508,China,Shanghai,consumer,Shanghai Donggang
5,Ada,Larissa,760 795-2705,Yemen,International,consumer,International Sana'a
6,Addison,Delightful,580 871-8090,China,Ningxia,consumer,Ningxia Fuzhou
7,Adelaide,Kara,787 389-1388,China,Tianjin,consumer,Tianjin Huaihua
8,Adele,Marc,351 426-6137,China,Sichuan,consumer,Sichuan Tianjin
9,Adrian,Beloved,414 520-4074,China,Shaanxi,consumer,Shaanxi Guilin
10,Adrienne,Royce,229 411-9605,China,Xinjiang,consumer,Xinjiang Jiujiang
11,Agatha,Lambert,806 121-4328,China,Shanxi,consumer,Shanxi Jingzhou
12,Agnes,Konrad,867 175-8841,China,Macau,consumer,Macau Danzhou
13,Aiken,Gifted,770 599-7225,Antigua and Barbuda,International,consumer,International St. John's
14,Aileen,Katrina,806 362-7548,United States,International,consumer,International San Francisco
15,Ainsley,Wayne,601 842-6439,China,Tibet,consumer,Tibet Changge
16,Al,Doyle,626 626-3319,China,Anhui,consumer,Anhui Enshi
17,Alan,Eli,303 003-3647,China,Shanghai,consumer,Shanghai Yixing
18,Alana,Verda,586 611-8476,China,Hunan,consumer,Hunan Anda
19,Alaric,Kelvin,573 389-6395,Jordan,International,consumer,International Amman
20,Alban,Luciana,236 719-4630,China,Ningxia,staff,Ningxia Tongren
21,Albert,Erik,904 294-0710,United States,International,consumer,International San Fernando
22,Albion,Dillon,309 790-4251,Guinea,International,consumer,International Conakry
23,Aldrich,Kelsey,937 456-3806,Poland,International,consumer,International Warsaw
24,Alec,Monica,956 172-9921,China,Guizhou,consumer,Guizhou Puning
25,Alex,Walter,361 268-1616,United States,International,consumer,International Avondale
26,Alex,Fox,403 595-8571,China,Sichuan,consumer,Sichuan Suihua
27,Alexander,Dalton,904 373-7273,Jamaica,International,consumer,International Kingston
28,Alexandra,Kyla,902 813-8462,China,Shaanxi,consumer,Shaanxi Xuchang
29,Alexis,Pamela,657 072-8753,China,Heilongjiang,consumer,Heilongjiang Ning'an
30,Alf,Hilda,541 462-0759,China,Tianjin,staff,Tianjin Mengzhou
31,Alfie,Kerwin,863 036-9895,China,Beijing,consumer,Beijing Dalian
32,Alfred,Supplanter,501 170-6533,China,Qinghai,consumer,Qinghai Wuyishan
33,Alger,Perfect,458 154-0782,Mozambique,International,consumer,International Maputo
34,Algernon,Naomi,407 583-0669,Russia,International,consumer,International Moscow
35,Alice,Edmund,707 531-8144,China,Jiangsu,consumer,Jiangsu Dongning
36,Alick,Counsellor,475 188-8114,China,Hebei,consumer,Hebei Xiantao
37,Alina,Delmar,872 647-6705,Serbia,International,consumer,International Belgrade
38,Alison,Irving,418 876-6111,China,Tianjin,consumer,Tianjin Fengcheng
39,Allan,Elias,618 225-0005,China,Yunnan,consumer,Yunnan Ruijin
40,Allen,Hortense,207 789-0582,Saint Kitts and Nevis,International,consumer,International Basseterre
41,Alma,Keene,980 237-1194,China,Tianjin,consumer,Tianjin Lianyungang
42,Alton,Eliza,682 931-4663,China,Qinghai,consumer,Qinghai Benxi
43,Alvin,Black,239 183-8257,China,Ningxia,consumer,Ningxia Qian'an
44,Amanda,Cheerful,830 478-7692,Egypt,International,consumer,International Cairo
45,Amber,Rosalie,859 894-3934,China,Qinghai,consumer,Qinghai Xiaogan
46,Ambrose,Jewel,281 001-4200,China,Gansu,consumer,Gansu Daye
47,Amelia,Murray,650 130-6688,United States,International,consumer,International San Fernando
48,Amy,Renee,641 484-2004,China,Qinghai,consumer,Qinghai Yushu
49,Andrea,Ethanael,409 946-4428,China,Xinjiang,consumer,Xinjiang Jiaohe
50,Andrew,Gloria,681 681-2906,Lithuania,International,consumer,International Vilnius
51,Andy,Norine,479 896-6952,Cyprus,International,consumer,International Nicosia
52,Angela,Fletcher,406 257-7686,China,Shaanxi,consumer,Shaanxi Jinjiang
53,Ann,Beatrice,312 200-1590,China,Shanxi,consumer,Shanxi Hohhot
54,Annabelle,Lars,216 779-8235,China,Sichuan,consumer,Sichuan Bijie
55,Anne,Gavin,650 729-2942,Indonesia,International,consumer,International Madiun
56,Anthea,Morris,620 335-0881,China,Yunnan,consumer,Yunnan Qinyang
57,Anthony,Well-Born,431 807-9514,China,Zhejiang,consumer,Zhejiang Xiangcheng
58,April,Elaine,706 948-2157,China,Tibet,staff,Tibet Zhangjiakou
59,Archer,Marvin,414 513-0885,Country,International,consumer,International City
60,Arlene,Fergal,571 106-9936,China,Guangdong,consumer,Guangdong Yumen
61,Armstrong,Briana,626 456-7997,China,Ningxia,consumer,Ningxia Huadian
62,Arnold,Garrick,956 438-2184,Kiribati,International,consumer,International South Tarawa
63,Ashley,Samuel,330 736-3704,China,Inner,consumer,Inner Fuyu
64,Ashley,Fawn,564 737-8409,Iceland,International,consumer,International Reykjavík
65,Aston,Nerissa,478 356-7969,China,Ningxia,consumer,Ningxia Dashiqiao
66,Atwater,Wanda,330 356-9559,China,Sichuan,consumer,Sichuan Puyang
67,Aubrey,Dutiful,838 624-6347,China,Tianjin,consumer,Tianjin Jiaohe
68,Audrey,Lorena,636 860-8363,China,Zhejiang,consumer,Zhejiang Taizhou
69,Austin,Rupert,380 038-2440,Libya,International,consumer,International Tripoli
70,Ava,Quade,704 208-6102,Malawi,International,consumer,International Lilongwe
71,Avery,Deborah,661 339-2400,China,Ningxia,consumer,Ningxia Fuqing
72,Avril,Floyd,301 245-8858,China,Shanghai,consumer,Shanghai Gongqingcheng
73,Babs,Ursula,240 170-9537,Angola,International,consumer,International Luanda
74,Bailey,Donna,361 102-1748,Indonesia,International,consumer,International Kediri
75,Baldwin,Kent,819 784-5042,China,Gansu,consumer,Gansu Da'an
76,Barbara,Rhoda,336 938-8373,China,Macau,consumer,Macau Shangqiu
77,Barclay,Rory,782 575-9889,Hungary,International,staff,International Budapest
78,Barnaby,Derek,928 436-6140,China,Shandong,consumer,Shandong Bijie
79,Barrett,Gardener,408 541-4783,Guatemala,International,staff,International Guatemala City
80,Bartholomew,Dominica,984 369-9686,China,Sichuan,consumer,Sichuan Yushu
81,Barton,Alda,662 383-7227,Germany,International,consumer,International Berlin
82,Basil,Wylie,458 485-5618,Armenia,International,consumer,International Yerevan
83,Baxter,Margaret,939 034-1376,China,Zhejiang,staff,Zhejiang Nanxiong
84,Baz,Bright,901 142-1864,Saint Vincent and the Grenadines,International,consumer,International Kingstown
85,Bea,Earl,410 374-9218,China,Ningxia,staff,Ningxia Lianjiang
86,Beatrix,Eugene,336 750-3810,Grenada,International,consumer,International St. George's
87,Becky,Henrietta,484 902-7009,China,Anhui,consumer,Anhui Fengzhen
88,Belinda,Tobias,934 229-8075,China,Zhejiang,consumer,Zhejiang Wuzhishan
89,Bella,Georgia,979 735-2460,China,Tibet,consumer,Tibet Xiangcheng
90,Benedict,Small,843 428-9769,China,Shanxi,consumer,Shanxi Foshan
91,Benjamin,Kate,541 167-4321,France,International,consumer,International Paris
92,Bennett,Ruler,707 601-2356,South Korea,International,consumer,International Siheung
93,Benson,Monroe,250 381-6410,China,Gansu,consumer,Gansu Yingcheng
94,Bentley,Mona,702 475-9899,Tajikistan,International,staff,International Dushanbe
95,Berkley,Bertina,253 576-0388,Country,International,consumer,International City
96,Bernard,Edgar,361 257-5885,United States,International,consumer,International Avondale
97,Bernice,Nadia,812 984-5722,China,Tianjin,consumer,Tianjin Fujin
98,Berry,Richard,854 456-2451,China,Hubei,consumer,Hubei Leiyang
99,Bert,Regina,903 166-3154,China,Qinghai,consumer,Qinghai Nanning
100,Bertha,Eva,972 429-7327,China,Hebei,consumer,Hebei Guixi
101,Beryl,Fergus,313 532-6603,China,Sichuan,consumer,Sichuan Leizhou
102,Bess,Zebediah,667 097-3612,Kyrgyzstan,International,consumer,International Bishkek
103,Bet,Tracy,469 515-6039,China,Sichuan,consumer,Sichuan Liuzhou
104,Beth,Fenton,435 800-4777,China,Liaoning,consumer,Liaoning Lushan
105,Bethany,Willard,903 161-9519,China,Henan,consumer,Henan Longnan
106,Betsy,Desired,917 367-5223,China,Guizhou,consumer,Guizhou Enping
107,Betty,Seth,902 757-2047,Guinea,International,consumer,International Conakry
108,Beverly,Kenneth,318 301-6642,United States,International,consumer,International San Jacinto
109,Bill,Sibyl,726 844-7689,Indonesia,International,consumer,International Batu
110,Blake,Trixie,249 841-1609,China,Shanxi,consumer,Shanxi Renhuai
111,Blanche,Woodsman,647 901-4008,Marshall Islands,International,consumer,International Majuro
112,Bob,Marian,917 944-9879,China,Sichuan,consumer,Sichuan Quanzhou
113,Bobbie,Malcolm,782 842-1837,China,Tianjin,consumer,Tianjin Dunhuang
114,Bobby,Precious,279 031-3324,China,Shaanxi,consumer,Shaanxi Jingjiang
115,Bond,Merle,815 041-7300,China,Shaanxi,consumer,Shaanxi Honghu
116,Bonnie,Jack,831 599-9732,China,Jilin,consumer,Jilin Gaobeidian
117,Brad,Warren,330 921-6759,Indonesia,International,consumer,International Kediri
118,Bradley,Fairy,231 041-7138,China,Yunnan,consumer,Yunnan Da'an
119,Brenda,Maddox,515 512-2645,China,Guangdong,consumer,Guangdong Yangchun
120,Brent,Famous,936 919-7772,China,Qinghai,consumer,Qinghai Heyuan
121,Bret,Edan,816 186-3988,China,Qinghai,staff,Qinghai Bengbu
122,Brewster,Lee,920 144-8445,China,Shandong,consumer,Shandong Tangshan
123,Brian,Truman,262 725-7874,South Korea,International,consumer,International Taebaek
124,Brianne,Solitary,269 656-9587,Algeria,International,consumer,International Algiers
125,Bridget,Helena,513 988-2356,Mongolia,International,consumer,International Ulaanbaatar
126,Brigham,Elton,516 697-7534,China,Sichuan,consumer,Sichuan Zhangjiajie
127,Britney,Gwynne,228 413-3488,China,Hong Kong,consumer,Hong Kong Rugao
128,Brittany,Gilda,940 181-3216,China,Taiwan,consumer,Taiwan Guixi
129,Brooke,Liza,682 248-7283,Kyrgyzstan,International,consumer,International Bishkek
130,Brooke,Jill,704 169-9956,China,Guangxi,consumer,Guangxi Renhuai
131,Bruce,Eagle-Eyed,820 514-7960,Guinea-Bissau,International,consumer,International Bissau
132,Bruno,Halden,919 953-4957,China,Hebei,consumer,Hebei Huangshi
133,Bryant,Ives,747 377-9937,China,Shandong,consumer,Shandong Wu'an
134,Buck,Spring-like,442 239-8501,China,Ningxia,consumer,Ningxia Xinghua
135,Bud,Myrtle,703 072-4357,China,Jiangxi,consumer,Jiangxi Zunyi
136,Burgess,Lauren,519 041-1752,China,Beijing,consumer,Beijing Yima
137,Burton,Questa,604 822-1542,Brazil,International,consumer,International Brasília
138,Byron,Sherwin,939 458-8306,China,Gansu,consumer,Gansu Ruijin
139,Cade,Half-Dane,906 918-9847,China,Guangxi,consumer,Guangxi Nangong
140,Caesar,Nell,915 608-5493,China,Shaanxi,consumer,Shaanxi Fuquan
141,Caldwell,Lillian,847 064-4029,China,Sichuan,consumer,Sichuan Songyuan
142,Calvert,Olga,404 000-9252,Sri Lanka,International,consumer,International Sri Jayawardenepura Kotte
143,Calvin,One,312 788-1408,China,Guangxi,consumer,Guangxi Nanping
144,Camilla,Red,281 243-6734,Nepal,International,consumer,International Kathmandu
145,Candice,Pleasure,636 184-5098,China,Shanxi,staff,Shanxi Manzhouli
146,Cara,Kirstyn,208 180-5735,China,Shanghai,consumer,Shanghai Yingde
147,Carissa,Wendy,805 897-5685,China,Tibet,consumer,Tibet Gaozhou
148,Carl,Frank,819 518-2738,China,Shandong,consumer,Shandong Yidu
149,Carla,Noel,229 784-6944,China,Shandong,staff,Shandong Xuchang
150,Carlton,Church,607 063-5397,Vatican City,International,consumer,International Vatican City
151,Carly,Luminous,928 205-9037,China,Zhejiang,consumer,Zhejiang Jingzhou
152,Carmel,Beloved,365 988-1277,Ethiopia,International,consumer,International Addis Ababa
153,Carol,Selena,712 001-1741,Haiti,International,consumer,International Port-au-Prince
154,Caroline,Ursa,619 224-2679,China,Xinjiang,consumer,Xinjiang Yingtan
155,Carrie,Philomena,762 722-6109,Indonesia,International,consumer,International Banjar
156,Carter,Timekeeper,709 781-0769,China,Ningxia,consumer,Ningxia Nanning
157,Carver,Mercy,272 041-9893,China,Zhejiang,consumer,Zhejiang Tangshan
158,Cary,Vandal,209 288-5646,China,Tibet,consumer,Tibet Shishou
159,Casey,Prudent,878 133-1919,China,Shaanxi,consumer,Shaanxi Jian'ou
160,Cass,Sadie,209 232-9901,China,Inner,consumer,Inner Ergun
161,Cassian,Tyler,360 675-2066,China,Fujian,consumer,Fujian Qionghai
162,Catherine,Garret,302 889-1554,Mozambique,International,consumer,International Maputo
163,Cathy,Myra,304 827-7203,China,Shandong,consumer,Shandong Changde
164,Cecil,Amiable,445 058-7274,Lebanon,International,consumer,International Beirut
165,Cedric,Paula,226 918-0889,China,Guangdong,consumer,Guangdong Huaihua
166,Chad,Fleming,531 076-9129,Indonesia,International,consumer,International Salatiga
167,Chandler,Driscoll,212 541-6597,Brazil,International,consumer,International Brasília
168,Chapman,Gardner,330 919-6478,China,Shanghai,staff,Shanghai Zhaoqing
169,Charis,Willis,509 171-1325,Colombia,International,consumer,International Bogotá
170,Charity,Edmond,413 453-5987,China,Taiwan,consumer,Taiwan Hezuo
171,Charlene,Butterfly,323 216-6197,China,Hubei,consumer,Hubei Huangshi
172,Charles,Elijah,817 606-1346,China,Shandong,consumer,Shandong Fuxin
173,Charlie,Randolph,463 710-9380,Indonesia,International,consumer,International Salatiga
174,Charlie,Russell,905 083-4201,China,Fujian,consumer,Fujian Siping
175,Charlotte,Hale,709 090-0978,China,Guangdong,consumer,Guangdong Daqing
176,Charlton,Valley,918 728-8991,South Korea,International,consumer,International Uiwang
177,Chase,Roberta,803 455-2362,China,Fujian,staff,Fujian Yingcheng
178,Chelsea,Emma,762 771-5393,China,Chongqing,consumer,Chongqing Qian'an
179,Cherida,Wealthy,210 443-3329,China,Qinghai,consumer,Qinghai Kaili
180,Cherish,Shana,470 230-1326,Central African Republic,International,consumer,International Bangui
181,Cheryl,Scarlett,609 964-6397,Italy,International,consumer,International Rome
182,Chester,Ella,503 539-4940,China,Zhejiang,consumer,Zhejiang Daqing
183,Chloe,Champion,223 299-0217,China,Sichuan,consumer,Sichuan Shiyan
184,Chris,Fire,505 273-3792,China,Guangxi,staff,Guangxi Xiangtan
185,Christian,Kathleen,954 679-7723,Slovakia,International,consumer,International Bratislava
186,Christina,Hadwin,253 581-4486,United Kingdom,International,consumer,International London
187,Christine,Jocelyn,702 741-7462,China,Shaanxi,consumer,Shaanxi Yongcheng
188,Christopher,Joseph,276 418-0221,China,Jiangsu,consumer,Jiangsu Jieshou
189,Chuck,Amaryllis,430 605-8794,China,Tibet,consumer,Tibet Arxan
190,Clara,Ardent,956 427-3325,Indonesia,International,consumer,International Cianjur
191,Clare,Queenie,607 280-7580,China,Qinghai,consumer,Qinghai Mingguang
192,Clarence,Andrea,706 649-3654,China,Shaanxi,consumer,Shaanxi Qianjiang
193,Clarissa,Honour,573 159-7927,Kazakhstan,International,consumer,International Astana
194,Claude,Nadine,435 363-0077,China,Yunnan,consumer,Yunnan Yima
195,Claudia,Opal,850 071-6167,China,Tianjin,staff,Tianjin Haimen
196,Clay,Beverly,514 668-0862,Italy,International,consumer,International Rome
197,Clayton,Lawyer,540 906-4518,China,Ningxia,consumer,Ningxia Yingtan
198,Clement,Britney,937 679-4351,Niger,International,consumer,International Niamey
199,Cliff,Great,214 808-3024,China,Inner,consumer,Inner Jingjiang
200,Clifford,Vigour,623 092-5219,China,Qinghai,consumer,Qinghai Tongling
201,Clifton,Sorrow,276 741-3513,China,Henan,consumer,Henan Zhanjiang
202,Clive,Laverna,431 040-9411,China,Sichuan,consumer,Sichuan Fuding
203,Clyde,Tamara,984 887-1488,China,Macau,consumer,Macau Maoming
204,Cole,Eldon,646 463-6865,Yemen,International,consumer,International Sana'a
205,Coleman,Fabian,317 683-7701,China,Shanghai,consumer,Shanghai Wuwei
206,Colin,Tasha,859 212-3226,"Congo, Republic of the",International,consumer,International Brazzaville
207,Connie,Ferguson,804 044-7383,China,Beijing,consumer,Beijing Lu'an
208,Conrad,Healthy,248 787-3301,China,Inner,staff,Inner Jiyuan
209,Constant,Ingrid,941 486-3648,China,Anhui,consumer,Anhui Yangchun
210,Conway,Youthful,234 795-4754,Indonesia,International,consumer,International Madiun
211,Corwin,Adelaide,480 521-6627,China,Qinghai,consumer,Qinghai Ruichang
212,Courtney,Imogene,347 889-6181,China,Inner,consumer,Inner Zhangping
213,Courtney,Lyndon,317 522-0526,China,Henan,consumer,Henan Qingzhen
214,Craig,Montague,928 283-3069,China,Hong Kong,staff,Hong Kong Taishan
215,Crispin,Earth,708 636-5783,China,Shanghai,consumer,Shanghai Yumen
216,Crosby,Leigh,747 854-4635,China,Tianjin,consumer,Tianjin Wuzhishan
217,Curtis,Lombard,361 683-5229,Samoa,International,staff,International Apia
218,Cuthbert,Geraldine,414 812-1994,China,Tibet,consumer,Tibet Yumen
219,Cynthia,Edith,340 326-2636,Saint Vincent and the Grenadines,International,consumer,International Kingstown
220,Cyril,Chief,802 632-1106,China,Macau,consumer,Macau Honghu
221,Daisy,Efrain,619 363-5253,China,Guangxi,consumer,Guangxi Wanning
222,Dale,Strong,248 959-1578,China,Shanghai,staff,Shanghai Yichang
223,Daley,Dependable,478 947-7831,Nepal,International,consumer,International Kathmandu
224,Dalton,Shannon,320 670-5029,China,Guizhou,consumer,Guizhou Zhengzhou
225,Damian,Ralph,830 573-1077,China,Hebei,consumer,Hebei Hezhou
226,Damon,Frances,763 413-6459,Indonesia,International,consumer,International Jakarta
227,Dane,Serene,734 631-4160,Georgia,International,consumer,International Tbilisi
228,Daniel,Bianca,973 627-1100,Portugal,International,consumer,International Lisbon
229,Danny,Pansy,787 086-8842,Philippines,International,consumer,International Manila
230,Darcy,Rejoicing,573 675-9232,China,Anhui,consumer,Anhui Jingdezhen
231,Darell,Ross,972 663-4776,China,Guangxi,staff,Guangxi Hebi
232,Darlene,Sparrow,413 308-0750,Palau,International,consumer,International Ngerulmud
233,Darren,Thelma,445 496-7313,China,Sichuan,staff,Sichuan Chizhou
234,Davida,Vaughan,225 703-5606,China,Gansu,consumer,Gansu Yizheng
235,Davy,Wolf,717 459-9490,China,Tibet,consumer,Tibet Taixing
236,Dawn,Simone,808 968-4731,China,Qinghai,consumer,Qinghai Yichang
237,Dean,Philip,670 569-2320,China,Beijing,consumer,Beijing Jiangmen
238,Deborah,Quenby,310 112-8885,China,Liaoning,consumer,Liaoning Qinzhou
239,Dee,Quinn,574 849-1880,China,Ningxia,consumer,Ningxia Dandong
240,Deirdre,Matilda,820 019-3253,China,Tianjin,consumer,Tianjin Fuquan
241,Del,Rufus,508 091-1528,United States,International,consumer,International Buckeye
242,Delia,Sebastian,479 239-3041,United States,International,consumer,International San Bernardino
243,Den,Trent,978 326-0557,China,Liaoning,consumer,Liaoning Yichun
244,Dena,Compassionate,315 936-2901,China,Shaanxi,consumer,Shaanxi Danjiangkou
245,Dene,Eighth,315 016-7456,China,Jilin,consumer,Jilin Huanggang
246,Dennis,Leanne,630 846-6255,China,Hubei,consumer,Hubei Langfang
247,Denton,Free,470 328-0974,Romania,International,consumer,International Bucharest
248,Denzil,Philippa,519 400-4166,China,Shandong,consumer,Shandong Jingdezhen
249,Derek,Lois,903 014-8147,China,Anhui,consumer,Anhui Suifenhe
250,Derick,Percival,772 726-5144,China,Ningxia,consumer,Ningxia Yushu
251,Des,Relic,220 786-1166,China,Hunan,consumer,Hunan Longhai
252,Desmond,Octavia,928 891-8861,China,Ningxia,consumer,Ningxia Yichun
253,Dexter,Emily,929 286-2965,China,Qinghai,consumer,Qinghai Bijie
254,Diana,Misty,727 843-2129,China,Taiwan,consumer,Taiwan Hegang
255,Digby,Lovely,301 284-6707,China,Tianjin,consumer,Tianjin Genhe
256,Dina,Kingly,269 772-2115,China,Shanghai,consumer,Shanghai Taixing
257,Dolly,Shara,938 476-5853,China,Ningxia,staff,Ningxia Xinxiang
258,Dominic,Freda,323 219-7201,Colombia,International,consumer,International Bogotá
259,Don,Keith,437 778-7588,China,Shandong,consumer,Shandong Changshu
260,Donald,Seymour,614 092-5293,China,Sichuan,staff,Sichuan Liaoyuan
261,Donna,Handmaiden,223 743-3255,Indonesia,International,consumer,International Banjar
262,Dora,Nathania,256 562-2246,Malawi,International,consumer,International Lilongwe
263,Doran,Garth,204 018-4505,Barbados,International,consumer,International Bridgetown
264,Doreen,Shamus,651 433-2288,Yemen,International,consumer,International Sana'a
265,Dorian,Lulu,319 553-3112,China,Qinghai,consumer,Qinghai Luoding
266,Doris,Solomon,838 592-2551,China,Zhejiang,consumer,Zhejiang Xinji
267,Dorothy,Penelope,715 968-8880,China,Shandong,consumer,Shandong Dashiqiao
268,Doug,Jillian,931 900-8554,China,Guizhou,staff,Guizhou Ningguo
269,Douglas,Wenda,640 715-9807,South Korea,International,staff,International Seoul
270,Doyle,Winifred,430 473-6954,France,International,consumer,International Paris
271,Drake,Brenda,613 799-5116,China,Macau,consumer,Macau Shishou
272,Drogo,Tabitha,509 180-2648,Sri Lanka,International,consumer,International Sri Jayawardenepura Kotte
273,Dudley,Lucas,617 451-7067,Mexico,International,consumer,International Mexico City
274,Duggie,Jason,204 812-8888,South Korea,International,staff,International Seoul
275,Duncan,Erika,938 798-8932,China,Zhejiang,consumer,Zhejiang Guiyang
276,Dunstan,Queen,681 628-1196,China,Heilongjiang,consumer,Heilongjiang Ruzhou
277,Dustin,William,832 108-5925,China,Tibet,consumer,Tibet Nantong
278,Dwayne,Frasier,514 282-6971,Iceland,International,consumer,International Reykjavík
279,Dwight,Brooke,919 549-6299,China,Xinjiang,consumer,Xinjiang Qingyuan
280,Earl,Marilyn,508 041-6592,Andorra,International,consumer,International Andorra la Vella
281,Ebenezer,Weaver,343 378-6224,China,Shanxi,consumer,Shanxi Jiaohe
282,Ebony,Admirable,513 286-7789,Hungary,International,consumer,International Budapest
283,Ed,Tiffany,860 782-6443,China,Shanxi,consumer,Shanxi Yingcheng
284,Eddie,Stanley,626 974-7272,China,Tianjin,consumer,Tianjin Lushan
285,Eden,Zelene,641 394-9772,China,Gansu,staff,Gansu Hailun
286,Edgar,Jeremy,337 243-3754,United States,International,consumer,"International Washington, D.C."
287,Edith,Jed,414 810-5245,China,Zhejiang,consumer,Zhejiang Zhijiang
288,Edmond,Zebadiah,971 784-8397,Vietnam,International,consumer,International Hanoi
289,Edna,Kendrick,782 364-1279,Dominican Republic,International,consumer,International Santo Domingo
290,Edric,Holy,437 259-6690,China,Tianjin,consumer,Tianjin Gao'an
291,Edwin,Veronica,581 729-6221,China,Hainan,consumer,Hainan Jingjiang
292,Edwina,Goddard,216 805-1191,China,Liaoning,consumer,Liaoning Longjing
293,Effie,Washington,336 819-3346,China,Hong Kong,consumer,Hong Kong Chongzuo
294,Egbert,Esmond,802 755-8897,China,Jiangsu,staff,Jiangsu Zhaoqing
295,Elaine,Winona,319 968-1569,China,Jilin,consumer,Jilin Zunyi
296,Elbert,Dennis,330 953-4524,China,Guangxi,consumer,Guangxi Wuchang
297,Eldon,Joe,303 871-7191,China,Chongqing,consumer,Chongqing Zhalantun
298,Eleanor,Eaton,682 320-0449,China,Tibet,consumer,Tibet Muling
299,Elena,Eugenia,979 114-9621,Indonesia,International,staff,International Bogor
300,Elinor,Homer,445 028-6274,Indonesia,International,consumer,International Jakarta
301,Eliot,Hubert,781 502-3181,China,Shanghai,consumer,Shanghai Zhangshu
302,Eliza,Edward,919 043-8747,China,Liaoning,consumer,Liaoning Daqing
303,Elizabeth,Warrior,863 020-2677,China,Hunan,consumer,Hunan Lianzhou
304,Ella,Sherman,351 717-7981,Indonesia,International,consumer,International Banjar
305,Ellen,Molly,206 526-5892,China,Jiangsu,consumer,Jiangsu Wu'an
306,Ellery,Eliot,657 423-9830,China,Liaoning,consumer,Liaoning Gongyi
307,Ellie,Willette,503 121-4580,Comoros,International,consumer,International Moroni
308,Elliot,Winthrop,360 294-7103,China,Jilin,consumer,Jilin Chibi
309,Ellis,Sea,408 953-7787,Kazakhstan,International,consumer,International Astana
310,Elmer,Sloane,334 636-7856,China,Sichuan,consumer,Sichuan Dingxi
311,Elmer,Justine,878 781-6156,China,Macau,consumer,Macau Shangqiu
312,Elsa,Igor,315 263-8830,China,Henan,consumer,Henan Xinyang
313,Elton,Nancy,252 484-7869,Indonesia,International,consumer,International Salatiga
314,Elton,Georgiana,909 616-2940,Jordan,International,consumer,International Amman
315,Elvis,Doris,470 290-4676,China,Henan,consumer,Henan Gaozhou
316,Emerson,Phoebe,470 121-7234,China,Chongqing,consumer,Chongqing Fuzhou
317,Emily,Yvette,570 660-1887,El Salvador,International,consumer,International San Salvador
318,Emma,Lola,775 866-4655,China,Jiangsu,consumer,Jiangsu Daqing
319,Emmett,Milburn,312 582-4516,China,Tianjin,consumer,Tianjin Hanchuan
320,Emmy,Bound,714 899-2300,Thailand,International,consumer,International Bangkok
321,Enola,Robust,772 276-9607,China,Tianjin,consumer,Tianjin Zhangjiakou
322,Erasmus,Henry,404 838-9692,China,Ningxia,consumer,Ningxia Bayannur
323,Eric,Evelyn,985 964-0757,Saudi Arabia,International,consumer,International Riyadh
324,Erin,Keaton,639 399-5203,Indonesia,International,consumer,International Cianjur
325,Ernest,Frederick,740 177-2545,China,Ningxia,consumer,Ningxia Wuhai
326,Errol,Jessica,408 569-9044,China,Xinjiang,consumer,Xinjiang Loudi
327,Esmond,Lara,818 763-8639,China,Hong Kong,consumer,Hong Kong Ganzhou
328,Esta,Kerri,936 061-5099,China,Yunnan,consumer,Yunnan Huainan
329,Estelle,Louisa,201 932-5587,China,Hainan,consumer,Hainan Liaoyuan
330,Ethel,Landry,623 742-8866,China,Liaoning,consumer,Liaoning Nantong
331,Eudora,Aimee,938 954-5605,China,Shanxi,consumer,Shanxi Daye
332,Eugene,Halbert,463 101-1557,Sudan,International,consumer,International Khartoum
333,Eugenia,Sybil,412 975-5930,Latvia,International,consumer,International Riga
334,Eunice,Anastasia,731 449-6388,China,Shandong,consumer,Shandong Jingzhou
335,Eve,Meadow,979 662-8230,China,Taiwan,consumer,Taiwan Xuancheng
336,Evelyn,Star,763 802-2727,Monaco,International,staff,International Monaco
337,Everett,Flourishing,939 874-4555,China,Tianjin,consumer,Tianjin Miluo
338,Evette,Olaf,862 233-1192,China,Guizhou,consumer,Guizhou Dongtai
339,Evie,Essence,816 961-9191,United States,International,consumer,International Buckeye
340,Evonne,Magnus,336 655-5932,China,Ningxia,consumer,Ningxia Baoding
341,Fabian,Thunder,631 476-5572,Belarus,International,staff,International Minsk
342,Faith,Valiant,615 828-4138,Mauritius,International,consumer,International Port Louis
343,Fanny,Pretty,331 893-6744,China,Tibet,consumer,Tibet Tianmen
344,Fay,Lighthearted,870 286-0086,China,Shandong,consumer,Shandong Harbin
345,Faye,Gabriel,931 951-7339,Tajikistan,International,consumer,International Dushanbe
346,Felicity,Ambitious,781 697-9152,Indonesia,International,consumer,International Cirebon
347,Fenton,Jacob,952 605-6694,China,Inner,staff,Inner Longyan
348,Ferdinand,Alexandra,515 342-5514,China,Liaoning,consumer,Liaoning Shijiazhuang
349,Fern,Virginia,863 677-2504,China,Sichuan,consumer,Sichuan Changsha
350,Ferris,Rachel,970 327-1994,China,Zhejiang,consumer,Zhejiang Nanjing
351,Fletcher,Serena,315 741-9971,China,Shanxi,consumer,Shanxi Bengbu
352,Flo,Sigmund,807 786-6881,China,Inner,consumer,Inner Wuchang
353,Flora,Lame,819 393-2773,Ireland,International,consumer,International Dublin
354,Florence,Beauty,502 687-0377,China,Shanxi,consumer,Shanxi Putian
355,Florrie,Mavis,304 311-1668,China,Yunnan,consumer,Yunnan Anyang
356,Floyd,Edwina,517 704-0444,China,Shandong,consumer,Shandong Pingxiang
357,Ford,Todd,726 445-2263,China,Shandong,consumer,Shandong Jinzhou
358,Forrest,Spirited,902 570-6148,China,Heilongjiang,consumer,Heilongjiang Zhangjiakou
359,Fran,Amanda,431 680-7834,Indonesia,International,consumer,International Kediri
360,Frances,Beata,939 491-1773,Saint Lucia,International,consumer,International Castries
361,Francis,Titus,380 185-1036,Kazakhstan,International,consumer,International Astana
362,Frank,Just,269 859-1565,Liechtenstein,International,consumer,International Vaduz
363,Franklin,Griswold,361 502-0328,Czech Republic,International,staff,International Prague
364,Fred,Jemima,910 370-4983,China,Chongqing,consumer,Chongqing Fuquan
365,Freda,Francis,315 844-7106,China,Henan,consumer,Henan Manzhouli
366,Freddie,Grey,289 581-5158,China,Guangdong,consumer,Guangdong Xianning
367,Frederick,Meadow,509 242-1183,United Arab Emirates,International,consumer,International Abu Dhabi
368,Freeman,Wynne,512 440-2268,"Congo, Republic of the",International,consumer,International Brazzaville
369,Gail,Valerie,706 888-6707,China,Shanghai,consumer,Shanghai Luohe
370,Gale,Fern,909 293-6051,China,Zhejiang,consumer,Zhejiang Gao'an
371,Gardner,Roxanne,774 370-3757,China,Guizhou,consumer,Guizhou Changsha
372,Garfield,Millicent,651 775-9515,China,Tianjin,consumer,Tianjin Wudalianchi
373,Garret,Unity,513 441-4509,China,Jiangsu,staff,Jiangsu Wudalianchi
374,Garrick,Caretaker,337 264-0946,Botswana,International,consumer,International Gaborone
375,Garrison,Wise,408 226-2856,China,Jiangsu,consumer,Jiangsu Chongzuo
376,Garth,Fitzgerald,934 514-8376,China,Jilin,consumer,Jilin Tieli
377,Gary,Gillian,608 911-6403,China,Henan,consumer,Henan Luoding
378,Gavin,Duncan,418 766-5439,Solomon Islands,International,consumer,International Honiara
379,Gayle,Ulva,410 356-5446,China,Chongqing,consumer,Chongqing Shijiazhuang
380,Gaylord,Nightingale,907 683-1503,China,Hubei,consumer,Hubei Baishan
381,Gaynor,Firm,463 955-8613,China,Heilongjiang,consumer,Heilongjiang Zhongxiang
382,Ged,Bobbie,754 797-7258,China,Beijing,consumer,Beijing Laibin
383,Gene,Soldier,701 814-5340,Switzerland,International,consumer,International Bern
384,Geoffrey,Kirsten,307 058-7299,China,Hebei,consumer,Hebei Huangshi
385,George,Grayson,214 381-9258,China,Fujian,consumer,Fujian Hefei
386,Georgia,Guy,365 344-8438,China,Guangdong,consumer,Guangdong Nanyang
387,Georgiana,Brittany,938 586-5097,China,Qinghai,consumer,Qinghai Dengzhou
388,Georgie,Hamlin,872 282-5502,Cambodia,International,consumer,International Phnom Penh
389,Gerald,Griswald,504 905-0728,China,Fujian,consumer,Fujian Zhanjiang
390,Geraldine,Wyatt,316 867-4916,China,Hainan,consumer,Hainan Pizhou
391,Gerard,Darian,305 534-7610,China,Shanghai,consumer,Shanghai Yichang
392,Germaine,Kilian,430 050-0926,Namibia,International,consumer,International Windhoek
393,Gerry,Ruby,201 051-9922,United States,International,consumer,International San Clemente
394,Gertrude,Peace,762 641-2098,Laos,International,consumer,International Vientiane
395,Gilbert,Elbert,334 415-8356,France,International,consumer,International Paris
396,Giles,Hartley,367 020-7086,China,Tianjin,consumer,Tianjin Changde
397,Gill,Faye,859 094-6790,China,Shanxi,consumer,Shanxi Qinyang
398,Gillian,Sherlock,249 535-7132,Mauritania,International,consumer,International Nouakchott
399,Ginger,Derwin,310 199-9994,China,Hainan,consumer,Hainan Wuxue
400,Glen,Adrienne,504 198-4989,Thailand,International,consumer,International Bangkok
401,Gloria,Stan,561 152-3070,China,Liaoning,consumer,Liaoning Beizhen
402,Glynis,Edana,954 368-9465,China,Shanxi,consumer,Shanxi Yangjiang
403,Goddard,Flame,651 630-3524,China,Shanxi,consumer,Shanxi Zhangjiajie
404,Godfrey,Joan,548 574-1507,Malawi,International,staff,International Lilongwe
405,Godwin,Tuesday,586 937-0815,China,Shanxi,consumer,Shanxi Leiyang
406,Goodwin,Peaceful,925 869-8563,United States,International,staff,International Avondale
407,Grace,Dwayne,984 862-3419,Tonga,International,consumer,International Nukuʻalofa
408,Gracie,Industrious,854 517-5509,China,Beijing,consumer,Beijing Nanjing
409,Graham,Angelica,442 528-4981,China,Shaanxi,consumer,Shaanxi Songzi
410,Grant,Conqueror,785 737-3731,San Marino,International,consumer,International San Marino
411,Granville,Optimistic,254 307-7581,China,Ningxia,consumer,Ningxia Langfang
412,Grayson,Grace,213 073-5651,United States,International,consumer,International San Anselmo
413,Greg,Luke,934 630-8241,Ireland,International,staff,International Dublin
414,Gregory,Nigel,904 919-7161,China,Macau,consumer,Macau Danyang
415,Gresham,Willow,940 772-8903,Brazil,International,consumer,International Brasília
416,Gretta,Ivy,316 984-5833,Finland,International,consumer,International Helsinki
417,Greville,Wilona,902 517-5795,"Congo, Democratic Republic of the",International,consumer,International Kinshasa
418,Grover,Travis,203 712-4806,Saudi Arabia,International,consumer,International Riyadh
419,Guinevere,Ancestress,332 749-3070,Suriname,International,consumer,International Paramaribo
420,Guy,Trix,219 006-8519,China,Zhejiang,consumer,Zhejiang Zunhua
421,Gyles,Princess,743 836-0020,China,Shanghai,consumer,Shanghai Ji'an
422,Hadden,Anne,601 848-9046,Iraq,International,consumer,International Baghdad
423,Hadley,Armed,714 242-2652,Suriname,International,consumer,International Paramaribo
424,Hadwin,Fiery,831 340-9115,Dominican Republic,International,consumer,International Santo Domingo
425,Halbert,Blackbird,309 572-7567,China,Shandong,consumer,Shandong Huangshan
426,Hale,Merlin,819 622-5903,China,Chongqing,consumer,Chongqing Wuwei
427,Haley,Tristan,782 798-6916,China,Macau,consumer,Macau Fangchenggang
428,Halsey,Valda,671 848-1923,China,Zhejiang,staff,Zhejiang Hezuo
429,Hanley,Strong,314 391-8276,China,Shanxi,consumer,Shanxi Panshi
430,Hannibal,Dorian,405 615-2466,Guinea-Bissau,International,consumer,International Bissau
431,Happy,Paulette,936 371-0061,China,Shanghai,consumer,Shanghai Dongning
432,Harding,Fairfax,802 626-3710,Marshall Islands,International,consumer,International Majuro
433,Harlan,Dragon,706 809-8980,Laos,International,consumer,International Vientiane
434,Harley,Rich,340 780-4847,China,Sichuan,consumer,Sichuan Dandong
435,Harold,Sabrina,517 440-9806,China,Sichuan,consumer,Sichuan Haikou
436,Harper,Hugo,225 367-5830,Saint Lucia,International,consumer,International Castries
437,Harriet,Harriet,630 998-0129,Turkey,International,consumer,International Ankara
438,Harrison,Joyce,787 797-7656,Yemen,International,consumer,International Sana'a
439,Harry,Nessia,361 550-5954,China,Shanxi,consumer,Shanxi Xiangxiang
440,Hartley,Gifford,604 042-6681,China,Qinghai,consumer,Qinghai Tonghua
441,Harvey,Dora,585 624-5940,China,Shandong,consumer,Shandong Suifenhe
442,Hattie,Lamont,304 253-1948,Switzerland,International,consumer,International Bern
443,Hayley,Roswell,228 510-6446,Libya,International,consumer,International Tripoli
444,Hazel,Helpful,872 619-8496,Libya,International,consumer,International Tripoli
445,Heath,Lizzie,701 250-3808,Turkmenistan,International,staff,International Ashgabat
446,Heather,Loralie,831 920-9248,China,Gansu,consumer,Gansu Ji'an
447,Hector,Beguiling,929 979-6091,China,Shandong,consumer,Shandong Gaizhou
448,Hedley,Leah,904 908-4640,Indonesia,International,consumer,International Semarang
449,Helen,Vania,484 261-8975,United States,International,consumer,International Buckeye
450,Henrietta,Hattie,519 836-1726,China,Hainan,consumer,Hainan Linxiang
451,Henry,Erwin,719 725-1231,China,Anhui,consumer,Anhui Dongtai
452,Herb,Stewart,651 774-2587,China,Gansu,consumer,Gansu Fuzhou
453,Herbert,Pandora,670 137-2907,Niger,International,staff,International Niamey
454,Herman,Mirabelle,319 581-1629,Vietnam,International,consumer,International Hanoi
455,Hettie,Luna,754 297-6079,China,Tibet,consumer,Tibet Jiayuguan
456,Hilary,Bird,567 175-7422,China,Jiangxi,consumer,Jiangxi Chengde
457,Hilary,Flower,401 189-3008,China,Xinjiang,consumer,Xinjiang Nanning
458,Hilda,God-like,838 013-3995,China,Liaoning,consumer,Liaoning Liupanshui
459,Hollie,Samantha,409 035-5668,China,Qinghai,consumer,Qinghai Wugang
460,Holly,Articulate,720 828-4949,South Korea,International,staff,International Siheung
461,Homer,Lilah,782 947-2371,China,Hainan,consumer,Hainan Holingol
462,Honey,Cunning,646 116-3182,Bahrain,International,staff,International Manama
463,Hope,Archer,713 981-2318,Sudan,International,consumer,International Khartoum
464,Hopkin,Herdsman,740 054-1681,China,Qinghai,consumer,Qinghai Fu'an
465,Horace,Roland,628 357-7011,Guinea-Bissau,International,consumer,International Bissau
466,Horati,Yolanda,510 273-4879,United States,International,consumer,International San Joaquin
467,Howard,Mildred,220 970-8131,Kuwait,International,consumer,International Kuwait City
468,Howell,Marissa,310 549-1211,Uzbekistan,International,consumer,International Tashkent
469,Hubert,Blanche,669 373-7685,China,Macau,consumer,Macau Yingtan
470,Hugh,Happy,336 069-7997,China,Shanghai,consumer,Shanghai Zhaoqing
471,Hughie,Famous,712 112-8590,China,Hainan,consumer,Hainan Wuwei
472,Humbert,Des,980 582-0304,Indonesia,International,consumer,International Bekasi
473,Humphrey,Lee,782 309-7248,China,Anhui,consumer,Anhui Xinzheng
474,Hunter,Dixon,703 333-8522,Tuvalu,International,consumer,International Funafuti
475,Hyacinth,Laurence,319 721-2692,North Korea,International,consumer,International Pyongyang
476,Ida,Robert,513 483-6595,China,Shaanxi,consumer,Shaanxi Wuwei
477,Ike,Ferris,409 927-2764,China,Shanghai,consumer,Shanghai Wugang
478,Imogen,Gale,772 640-9117,China,Qinghai,staff,Qinghai Jingzhou
479,Ingram,Dark-Haired,430 616-5975,Portugal,International,consumer,International Lisbon
480,Iole,Rhea,215 868-3685,Serbia,International,consumer,International Belgrade
481,Irene,Kendall,947 024-0438,China,Hebei,consumer,Hebei Lechang
482,Iris,Selene,347 433-2314,China,Shanxi,consumer,Shanxi Yima
483,Irving,Stranger,606 034-3288,China,Qinghai,staff,Qinghai Zhuhai
484,Isabel,Melissa,712 971-5196,China,Taiwan,consumer,Taiwan Ulanqab
485,Isabella,Jerome,385 985-2743,China,Sichuan,consumer,Sichuan Tianchang
486,Isabelle,Norris,310 066-6760,Spain,International,consumer,International Madrid
487,Isaiah,Anthea,780 288-9756,Central African Republic,International,consumer,International Bangui
488,Ivor,Torrent,380 680-9533,China,Ningxia,consumer,Ningxia Xinle
489,Ivy,Sparkling,724 038-2943,Sweden,International,consumer,International Stockholm
490,Jack,Grover,867 528-4495,Turkmenistan,International,consumer,International Ashgabat
491,Jackie,Keely,763 166-9925,China,Shandong,consumer,Shandong Taizhou
492,Jackie,Fiery,856 744-1817,Switzerland,International,consumer,International Bern
493,Jackson,Steadfast,401 534-4916,China,Macau,consumer,Macau Shishi
494,Jacob,King,704 486-8401,Paraguay,International,consumer,International Asunción
495,Jacqueline,Darrel,848 637-2351,Indonesia,International,consumer,International Banjar
496,Jade,Kay,425 262-0789,China,Gansu,consumer,Gansu Macheng
497,Jake,Elsie,939 001-3814,China,Taiwan,consumer,Taiwan Tumen
498,James,Seaman,828 668-3843,Turkey,International,consumer,International Ankara
499,Jamie,Dudley,207 355-2228,China,Ningxia,consumer,Ningxia Yueyang
500,Jane,Nathaniel,908 363-5000,Guinea,International,consumer,International Conakry
501,Janet,Dexterous,309 290-9087,China,Henan,consumer,Henan Xinle
502,Janette,Pledge,938 799-3694,China,Jiangxi,consumer,Jiangxi Enshi
503,Janice,Peaceful,630 945-0946,Solomon Islands,International,consumer,International Honiara
504,Jarvis,Ely,403 880-1804,China,Jiangsu,consumer,Jiangsu Zhuzhou
505,Jasmine,Theobold,412 194-1413,China,Shandong,consumer,Shandong Anyang
506,Jason,Alice,614 850-6093,China,Yunnan,consumer,Yunnan Wuchang
507,Jasper,Jarvis,559 326-1246,China,Ningxia,consumer,Ningxia Yangjiang
508,Jay,Neville,203 198-8487,China,Sichuan,consumer,Sichuan Shaoshan
509,Jean,Flora,720 862-1338,"Macedonia, Republic of",International,consumer,International Skopje
510,Jeane,Oswald,906 856-8935,China,Heilongjiang,consumer,Heilongjiang Zhumadian
511,Jed,Whitney,365 439-3130,China,Shandong,consumer,Shandong Jiangmen
512,Jeff,Vanessa,781 682-6293,Samoa,International,consumer,International Apia
513,Jefferson,Vera,765 847-2646,Luxembourg,International,staff,International Luxembourg
514,Jeffrey,Wealthy,470 130-1541,Mexico,International,consumer,International Mexico City
515,Jennet,Kathy,307 619-7704,China,Shanghai,consumer,Shanghai Kaifeng
516,Jennifer,George,251 088-5369,China,Shanghai,consumer,Shanghai Gaoyou
517,Jenny,Pure,925 483-7913,China,Shandong,consumer,Shandong Hulunbuir
518,Jenson,Oprah,670 215-0400,China,Tibet,consumer,Tibet Yong'an
519,Jeremy,Michelle,220 750-7393,Indonesia,International,consumer,International Bandung
520,Jermaine,Glorious,563 668-2119,China,Hong Kong,consumer,Hong Kong Nehe
521,Jerome,Wallace,365 457-1882,Indonesia,International,consumer,International Cimahi
522,Jerrard,Trevor,947 876-1300,Burundi,International,consumer,International Bujumbura
523,Jerrold,Melanie,581 002-9829,China,Ningxia,consumer,Ningxia Yong'an
524,Jerry,Diane,709 988-1931,China,Jiangxi,consumer,Jiangxi Zhangjiagang
525,Jess,Hazel,908 365-9319,North Korea,International,staff,International Pyongyang
526,Jesse,Victor,724 399-9973,Tonga,International,consumer,International Nukuʻalofa
527,Jessica,Laura,605 282-5182,Barbados,International,consumer,International Bridgetown
528,Jessie,Ward,670 338-4057,China,Macau,consumer,Macau Tongjiang
529,Jethro,Teri,336 620-3689,Belarus,International,consumer,International Minsk
530,Jewel,Kelsey,475 902-3152,Indonesia,International,consumer,International Jakarta
531,Jill,Marlon,914 591-3125,China,Tianjin,consumer,Tianjin Dingzhou
532,Jim,Darlene,443 939-9536,China,Shandong,consumer,Shandong Dingzhou
533,Jimmy,Respected,830 176-1782,Denmark,International,consumer,International Copenhagen
534,Joan,Giles,551 182-4684,China,Xinjiang,consumer,Xinjiang Qingyuan
535,Jodie,Teresa,867 666-2635,China,Sichuan,consumer,Sichuan Suqian
536,Jody,Heroine,712 983-7796,China,Shandong,consumer,Shandong Langfang
537,Joe,Farrah,872 824-7245,China,Hainan,consumer,Hainan Lingbao
538,Joey,Red,774 124-9713,China,Guangxi,consumer,Guangxi Tongling
539,John,Delight,438 468-5922,China,Sichuan,consumer,Sichuan Puning
540,Johnathan,Paul,609 265-6609,Liechtenstein,International,consumer,International Vaduz
541,Johnny,Morgan,505 708-8224,Croatia,International,consumer,International Zagreb
542,Jordan,Salome,646 654-3594,Philippines,International,consumer,International Manila
543,Joseph,Sheridan,671 899-1158,Niger,International,consumer,International Niamey
544,Josephine,Oriel,775 085-5382,Equatorial Guinea,International,consumer,International Malabo
545,Josh,Elliott,213 476-8494,China,Henan,staff,Henan Yangjiang
546,Joy,Kyle,405 287-1956,China,Guizhou,staff,Guizhou Guilin
547,Joyce,Alison,806 454-8465,China,Shanghai,consumer,Shanghai Foshan
548,Judd,Thresher,510 222-2884,Ukraine,International,consumer,International Kiev
549,Jude,Finbar,419 444-9168,Indonesia,International,consumer,International Jakarta
550,Judy,Samson,706 612-7577,Suriname,International,consumer,International Paramaribo
551,Julian,Gabrielle,240 130-8341,China,Macau,consumer,Macau Zhangye
552,Juliet,Genevieve,782 743-9151,China,Ningxia,consumer,Ningxia Zhoukou
553,June,Willa,208 610-1159,Bulgaria,International,staff,International Sofia
554,Justin,Bella,315 913-7704,China,Hainan,consumer,Hainan Anshan
555,Justine,Forbes,765 879-8967,China,Shanghai,consumer,Shanghai Yingcheng
556,Kaley,Maggie,410 821-4111,China,Taiwan,consumer,Taiwan Hohhot
557,Kate,Marcus,330 421-6854,China,Hubei,consumer,Hubei Yiyang
558,Katherine,Kendra,502 688-1942,China,Gansu,consumer,Gansu Zhuozhou
559,Katie,Ramona,818 803-0772,China,Anhui,consumer,Anhui Loudi
560,Katy,Nathan,778 272-3286,China,Shanghai,consumer,Shanghai Jiamusi
561,Kay,Moira,442 910-1266,China,Sichuan,consumer,Sichuan Pingquan
562,Kayla,Harlan,812 409-9474,China,Shandong,consumer,Shandong Luoyang
563,Kayley,Swift,417 924-4310,China,Sichuan,consumer,Sichuan Xuancheng
564,Keeley,Kurt,440 842-6334,Indonesia,International,consumer,International Probolinggo
565,Keith,Plains,954 824-7763,China,Liaoning,consumer,Liaoning Suihua
566,Kelly,Gaye,562 344-0122,China,Xinjiang,consumer,Xinjiang Chuzhou
567,Kelly,Humble,815 267-3635,China,Xinjiang,consumer,Xinjiang Beihai
568,Kelsey,Zea,850 094-9028,China,Sichuan,consumer,Sichuan Qingyang
569,Kelvin,Nola,720 709-2220,China,Fujian,consumer,Fujian Huangshan
570,Kemp,Guardian,530 387-7211,China,Ningxia,consumer,Ningxia Yulin
571,Ken,Royal,828 138-1327,United States,International,consumer,International San Joaquin
572,Kendra,Ferdinand,540 786-7726,China,Ningxia,consumer,Ningxia Yangzhong
573,Kendrick,Endurance,251 171-9281,China,Hubei,staff,Hubei Helong
574,Kenelm,Nessa,514 215-5436,China,Shanghai,consumer,Shanghai Taishan
575,Kennard,Harry,856 713-6619,Bulgaria,International,consumer,International Sofia
576,Kenneth,Godly,405 987-9359,Paraguay,International,consumer,International Asunción
577,Kent,Angela,754 159-2005,China,Taiwan,consumer,Taiwan Qian'an
578,Kenton,Trustworthy,651 205-7740,China,Shandong,consumer,Shandong Dehui
579,Kerena,Kim,864 230-0352,South Korea,International,staff,International Tongyeong
580,Kermit,Jimmy,947 432-5983,China,Guizhou,consumer,Guizhou Yong'an
581,Kerr,Meris,517 244-1170,China,Taiwan,consumer,Taiwan Helong
582,Kerry,Patience,475 325-9053,China,Liaoning,consumer,Liaoning Shenzhou
583,Kerry,Foster,215 333-5148,China,Qinghai,staff,Qinghai Jiangyin
584,Kevin,Red-Haired,250 038-4032,China,Macau,consumer,Macau Beijing
585,Kim,Lewis,301 296-5297,Singapore,International,consumer,International Singapore
586,Kimberley,Magda,630 093-6615,China,Tianjin,consumer,Tianjin Hezhou
587,King,Linda,801 505-1826,China,Zhejiang,staff,Zhejiang Qinyang
588,Kingsley,Primrose,570 633-8801,China,Taiwan,consumer,Taiwan Guangzhou
589,Kit,Nonfriend,334 062-3209,Tuvalu,International,consumer,International Funafuti
590,Kitty,Vivian,239 175-7613,China,Tianjin,consumer,Tianjin Huangshi
591,Kyla,Judy,410 218-0952,China,Gansu,consumer,Gansu Jian'ou
592,Kyle,Oliver,786 030-6233,China,Zhejiang,consumer,Zhejiang Puning
593,Kylie,Lincoln,878 061-6213,Chad,International,consumer,International N'Djamena
594,Kyran,Scott,480 285-6136,China,Xinjiang,consumer,Xinjiang Nehe
595,Lacey,Emerson,415 849-2988,Ukraine,International,consumer,International Kiev
596,Lacey,Prudence,670 117-4606,Croatia,International,consumer,International Zagreb
597,Lambert,Pearl,734 895-6639,China,Guangdong,consumer,Guangdong Dengta
598,Lana,Annette,757 947-2739,Suriname,International,consumer,International Paramaribo
599,Lance,Faith,850 076-7248,China,Tianjin,consumer,Tianjin Huangshi
600,Lancelot,Horatio,313 800-4621,China,Tianjin,consumer,Tianjin Chaoyang
601,Larry,Graham,385 117-4719,Cyprus,International,consumer,International Nicosia
602,Laura,Warlike,281 458-6910,China,Shanxi,consumer,Shanxi Xingning
603,Laurel,Felix,586 284-7973,China,Fujian,staff,Fujian Sanhe
604,Lauren,Eddie,803 654-1005,United States,International,consumer,"International Washington, D.C."
605,Laurence,Zane,615 211-9468,China,Zhejiang,consumer,Zhejiang Xuchang
606,Lawrence,Elfin,763 887-7213,China,Liaoning,consumer,Liaoning Huaibei
607,Leanne,Echo,671 939-9093,China,Shanxi,consumer,Shanxi Pingdingshan
608,Lee,Quenna,604 469-6966,China,Tibet,staff,Tibet Zhangzhou
609,Lee,Trina,708 803-7349,China,Hunan,staff,Hunan Bozhou
610,Leighton,Ulrica,220 296-3166,China,Hong Kong,consumer,Hong Kong Shanwei
611,Leland,Rodney,575 997-9461,China,Shanghai,consumer,Shanghai Tianchang
612,Len,Dwight,306 713-9369,Ghana,International,consumer,International Accra
613,Lena,Gerald,579 549-5931,China,Hong Kong,consumer,Hong Kong Weihui
614,Lennard,Megan,531 379-2913,Malta,International,consumer,International Valletta
615,Lenny,Sally,314 238-0228,China,Heilongjiang,consumer,Heilongjiang Chibi
616,Leo,Katherine,205 086-4841,China,Jilin,consumer,Jilin Wudalianchi
617,Leon,Victoria,301 310-2788,China,Qinghai,consumer,Qinghai Lingbao
618,Leona,Nourishing,604 127-0930,United Arab Emirates,International,consumer,International Abu Dhabi
619,Leonard,Immortal,912 253-2604,South Korea,International,consumer,International Siheung
620,Leopold,Alarice,450 525-6244,China,Guangxi,consumer,Guangxi Liling
621,Leroy,Dark,765 525-3123,China,Qinghai,consumer,Qinghai Chaohu
622,Les,Herman,458 216-7211,Bulgaria,International,consumer,International Sofia
623,Lesley,Godfrey,712 504-3670,Indonesia,International,consumer,International Banjar
624,Lesley,Great,828 163-3514,Greece,International,consumer,International Athens
625,Lester,Weary,919 169-1979,China,Sichuan,consumer,Sichuan Baoding
626,Lewie,Martina,580 048-0805,China,Hubei,consumer,Hubei Shenzhen
627,Lex,Beatrix,780 323-6760,China,Guangxi,consumer,Guangxi Huangshan
628,Lexi,United,228 644-6347,China,Tibet,consumer,Tibet Zhoukou
629,Lexy,Honey,347 397-3382,China,Inner,consumer,Inner Dongfang
630,Libby,Karen,404 093-6505,China,Xinjiang,consumer,Xinjiang Xinyi
631,Lilian,Female,380 517-0868,China,Xinjiang,consumer,Xinjiang Fuyang
632,Lilly,Kenyon,530 938-6580,China,Inner,staff,Inner Leiyang
633,Lily,Hanley,574 292-1850,Guatemala,International,consumer,International Guatemala City
634,Lincoln,Egil,306 189-9835,China,Hebei,consumer,Hebei Yuanjiang
635,Linda,Fresh,540 021-7199,China,Jiangxi,consumer,Jiangxi Xiangcheng
636,Linda,Brigid,820 082-3235,China,Anhui,consumer,Anhui Dexing
637,Linden,Lester,607 968-0466,China,Shandong,consumer,Shandong Wu'an
638,Lindon,Priscilla,314 320-6080,China,Tianjin,consumer,Tianjin Jinggangshan
639,Lindsay,Jane,267 557-9647,China,Taiwan,consumer,Taiwan Qitaihe
640,Lindy,Quinlan,640 944-8174,China,Macau,consumer,Macau Zhuozhou
641,Linette,Stefan,870 944-0594,Uzbekistan,International,staff,International Tashkent
642,Linford,Leroy,636 388-9195,China,Inner,consumer,Inner Leping
643,Linsay,Sandra,217 901-2053,China,Taiwan,consumer,Taiwan Huizhou
644,Linton,Owen,908 469-1821,China,Qinghai,consumer,Qinghai Liling
645,Liona,Lucia,757 211-6284,Indonesia,International,consumer,International Bandung
646,Lionel,Lion-like,323 529-7416,China,Shandong,consumer,Shandong Jiayuguan
647,Lisa,Quillan,747 433-0483,China,Hubei,consumer,Hubei Zhumadian
648,Livia,Hardy,520 699-9166,China,Hunan,consumer,Hunan Liupanshui
649,Liz,Sorrowful,340 209-7583,China,Qinghai,consumer,Qinghai Fangchenggang
650,Liza,Jeanne,239 370-3155,China,Zhejiang,consumer,Zhejiang Tumen
651,Lizzie,Kirk,708 671-0957,China,Guangxi,consumer,Guangxi Qinyang
652,Lola,Ebenezer,319 323-7121,Central African Republic,International,staff,International Bangui
653,Lonnie,Isaiah,873 487-7604,China,Gansu,consumer,Gansu Liaoyuan
654,Loretta,Ramsey,762 204-0727,Jordan,International,consumer,International Amman
655,Lorne,April,256 407-6116,China,Ningxia,consumer,Ningxia Chibi
656,Lorraine,Ernestine,219 304-8811,China,Hunan,consumer,Hunan Puyang
657,Lottie,Percy,986 357-4836,Samoa,International,consumer,International Apia
658,Louie,Melody,778 961-8345,China,Ningxia,consumer,Ningxia Leping
659,Louise,Max,703 109-5388,Cape Verde,International,staff,International Praia
660,Lovell,Durwin,947 203-8151,China,Zhejiang,consumer,Zhejiang Xingning
661,Lucas,Stacy,641 462-6223,China,Guizhou,consumer,Guizhou Jiangyin
662,Lucy,Fair,253 381-3425,Zimbabwe,International,consumer,International Harare
663,Ludo,Blair,872 549-3267,China,Guangdong,consumer,Guangdong Danyang
664,Luke,Martin,781 168-4198,China,Jilin,consumer,Jilin Longnan
665,Luther,Emeline,684 163-3020,China,Hunan,consumer,Hunan Nangong
666,Lyle,Thomas,484 632-4755,China,Taiwan,consumer,Taiwan Zhijiang
667,Lyndon,Harley,708 035-3315,China,Jilin,consumer,Jilin Shishou
668,Lynette,Iris,807 578-5754,China,Chongqing,consumer,Chongqing Enshi
669,Lynn,Maisie,720 150-1470,Angola,International,consumer,International Luanda
670,Mabel,Orlena,530 003-0165,China,Qinghai,consumer,Qinghai Botou
671,Madeline,Falkner,630 982-7336,China,Hainan,consumer,Hainan Macheng
672,Madge,Melvin,231 972-7553,China,Tianjin,consumer,Tianjin Shangzhi
673,Madonna,Fannie,947 299-0066,New Zealand,International,consumer,International Wellington
674,Maggie,Pleg,231 080-3112,China,Hebei,consumer,Hebei Xinzheng
675,Maggie,Godwin,825 867-9575,China,Ningxia,consumer,Ningxia Luoding
676,Magnus,Everett,612 391-0902,China,Hainan,consumer,Hainan Wuhai
677,Malcolm,Exalted,814 060-3882,United States,International,consumer,International Benson
678,Mallory,Graceful,514 407-4343,China,Sichuan,consumer,Sichuan Huanghua
679,Malvina,Hall,216 966-2194,China,Jiangxi,consumer,Jiangxi Tonghua
680,Mandy,Becky,563 383-7327,Afghanistan,International,consumer,International Kabul
681,Manfred,Leticia,970 818-2226,China,Qinghai,consumer,Qinghai Jilin
682,Manley,Shawn,213 746-6544,China,Gansu,consumer,Gansu Ergun
683,Mara,Sharpe,301 378-8292,China,Ningxia,consumer,Ningxia Jiangmen
684,Marc,Vivianne,469 457-5899,China,Ningxia,consumer,Ningxia Yumen
685,Marcia,Bernice,561 082-7925,United States,International,consumer,International San Fernando
686,Margaret,Melville,431 543-0622,China,Shaanxi,consumer,Shaanxi Wuxi
687,Marian,Geneva,570 814-7561,Nepal,International,consumer,International Kathmandu
688,Marice,James,509 694-0625,China,Gansu,consumer,Gansu Hanchuan
689,Marilyn,Elvis,916 591-8201,China,Liaoning,consumer,Liaoning Shaowu
690,Mark,Awe-Inspiring,617 096-1519,Lithuania,International,consumer,International Vilnius
691,Marlon,Livia,867 888-5547,China,Guangxi,consumer,Guangxi Danzhou
692,Marmaduke,Rebecca,361 799-1378,Tunisia,International,consumer,International Tunis
693,Marsh,Gale,601 979-8702,Sudan,International,staff,International Khartoum
694,Marshall,Ula,402 756-4679,China,Hainan,consumer,Hainan Guiyang
695,Martin,Elvira,618 473-8480,South Korea,International,consumer,International Siheung
696,Marty,Elise,380 358-3182,China,Tibet,consumer,Tibet Xiamen
697,Marvin,Steward,385 573-2680,China,Macau,consumer,Macau Qingyuan
698,Mary,Grant,902 038-1359,China,Hainan,consumer,Hainan Tumen
699,Mason,Pierce,901 200-0653,China,Xinjiang,consumer,Xinjiang Yangchun
700,Matt,Myrrh,469 030-3744,China,Henan,consumer,Henan Bei'an
701,Matthew,Kayleigh,269 577-5439,China,Ningxia,consumer,Ningxia Dongguan
702,Maud,Laurel,405 025-5128,China,Anhui,staff,Anhui Genhe
703,Maura,Tina,270 043-4804,China,Inner,consumer,Inner Langfang
704,Maureen,Phineas,832 301-8139,China,Hebei,consumer,Hebei Changle
705,Maurice,Nicholas,562 796-8107,China,Yunnan,consumer,Yunnan Kaiping
706,Mavis,Leo,289 925-0960,Saint Lucia,International,consumer,International Castries
707,Max,Philbert,628 354-3029,China,Hainan,consumer,Hainan Fengzhen
708,Maxine,Emmanuel,364 352-4316,China,Jiangsu,consumer,Jiangsu Enshi
709,Maxwell,Tony,986 205-0320,Cape Verde,International,consumer,International Praia
710,May,Eve,541 357-0371,Kenya,International,consumer,International Nairobi
711,Maya,Small,651 823-3412,China,Hainan,consumer,Hainan Fushun
712,Maynard,Brina,301 979-2224,China,Qinghai,consumer,Qinghai Hulunbuir
713,Meg,Guide,850 794-3954,China,Guizhou,consumer,Guizhou Dongguan
714,Mel,Gilbert,762 581-8724,China,Heilongjiang,consumer,Heilongjiang Gongyi
715,Melanie,Tower,213 771-0354,China,Xinjiang,consumer,Xinjiang Xingyang
716,Melinda,Francesca,918 357-3977,Lebanon,International,consumer,International Beirut
717,Melissa,Cheerful,727 978-4819,China,Hunan,consumer,Hunan Anqing
718,Melody,Leon,201 735-4939,South Korea,International,staff,International Seoul
719,Melville,Bertha,641 291-1057,China,Ningxia,consumer,Ningxia Qinhuangdao
720,Melvin,Maura,720 758-8897,China,Shanghai,consumer,Shanghai Anda
721,Melvin,Deirdre,534 561-4244,China,Shanxi,consumer,Shanxi Mingguang
722,Mercy,Rose,986 641-1186,China,Liaoning,consumer,Liaoning Yong'an
723,Merle,Haley,332 497-7527,Saint Vincent and the Grenadines,International,consumer,International Kingstown
724,Merlin,Lucille,913 989-4715,China,Tibet,consumer,Tibet Daye
725,Michael,Ethan,414 037-4146,Indonesia,International,consumer,International Batu
726,Mick,Sunshine,838 271-6193,China,Shandong,consumer,Shandong Changshu
727,Mike,Daphne,360 731-2608,El Salvador,International,consumer,International San Salvador
728,Milburn,Perry,917 075-5581,China,Qinghai,consumer,Qinghai Lianjiang
729,Mildred,Farmer,343 606-0678,Botswana,International,consumer,International Gaborone
730,Miles,Vincent,406 643-7507,China,Zhejiang,consumer,Zhejiang Suzhou
731,Millicent,Mark,567 683-9907,China,Gansu,consumer,Gansu Xinyi
732,Millie,Ellery,865 868-6563,Qatar,International,consumer,International Doha
733,Milo,Peyton,332 172-5218,China,Hainan,consumer,Hainan Qian'an
734,Milton,Rosa,562 341-6909,Saint Vincent and the Grenadines,International,consumer,International Kingstown
735,Minnie,Free,775 111-1956,China,Hainan,staff,Hainan Wanning
736,Mirabelle,Julie,250 864-9860,China,Guangxi,consumer,Guangxi Ulanhot
737,Miranda,Strawberry,313 512-0071,China,Tianjin,staff,Tianjin Pingdingshan
738,Misty,Bettina,775 917-0026,Japan,International,consumer,International Tokyo
739,Molly,Timothy,580 740-4713,China,Zhejiang,consumer,Zhejiang Xinghua
740,Mona,Irvin,567 499-8420,Somalia,International,consumer,International Mogadishu
741,Monica,Irene,743 975-8184,China,Hebei,consumer,Hebei Yueyang
742,Monroe,Eda,510 402-1928,Kuwait,International,consumer,International Kuwait City
743,Montague,Ida,385 664-1279,South Korea,International,consumer,International Suncheon
744,Montgomery,Medwin,220 823-8198,Serbia,International,consumer,International Belgrade
745,Monty,Moorish,480 017-4136,China,Chongqing,consumer,Chongqing Puning
746,Morris,Tammy,509 240-5609,Hungary,International,consumer,International Budapest
747,Mortimer,Barbara,352 982-6798,Trinidad and Tobago,International,consumer,International Port of Spain
748,Morton,Lorelei,916 741-6884,Cuba,International,consumer,International Havana
749,Muriel,Crown,567 192-5142,China,Tianjin,consumer,Tianjin Holingol
750,Myra,Ruth,916 206-8820,Tunisia,International,consumer,International Tunis
751,Myrtle,Light,231 791-7407,China,Jiangxi,consumer,Jiangxi Gongyi
752,Nadia,Nursing,313 183-5703,China,Hunan,consumer,Hunan Zhongshan
753,Nancy,Sidney,782 563-0963,China,Shanghai,consumer,Shanghai Qidong
754,Nathaniel,Quinby,364 500-3849,China,Inner,consumer,Inner Dongtai
755,Neal,Lancelot,442 552-2355,China,Shanghai,consumer,Shanghai Huanghua
756,Ned,Gregory,949 968-1628,China,Zhejiang,consumer,Zhejiang Qianjiang
757,Neil,Jessie,704 149-3339,China,Macau,consumer,Macau Dingxi
758,Nell,Dylan,626 089-8093,China,Tianjin,staff,Tianjin Xinghua
759,Nelson,Hector,612 622-3942,China,Liaoning,consumer,Liaoning Zhangjiakou
760,Nerissa,Sapphire,403 880-1548,China,Jilin,consumer,Jilin Liaoyuan
761,Nessa,Prosperous,321 499-8299,Czech Republic,International,consumer,International Prague
762,Neville,Gresham,905 136-2394,China,Liaoning,consumer,Liaoning Qingyang
763,Nicholas,Maude,571 375-3225,China,Hong Kong,consumer,Hong Kong Jingmen
764,Nicola,Kayla,838 191-7234,China,Guizhou,consumer,Guizhou Daqing
765,Nigel,Travers,332 036-8833,China,Hebei,consumer,Hebei Hengyang
766,Nita,Leith,701 927-4786,China,Sichuan,consumer,Sichuan Anqing
767,Noah,Fedora,347 954-8926,United States,International,consumer,International Benson
768,Nora,Roy,312 072-5130,China,Macau,consumer,Macau Jinshi
769,Noreen,John,307 729-1418,China,Qinghai,consumer,Qinghai Heshan
770,Norma,Kit,984 857-9881,United States,International,consumer,International Apache Junction
771,Norman,Theodora,318 480-6323,Liberia,International,consumer,International Monrovia
772,Norris,Vita,202 746-9650,China,Sichuan,consumer,Sichuan Yangzhong
773,Obadiah,Ivar,781 285-4565,China,Shanghai,consumer,Shanghai Wuhai
774,Octavia,Una,236 292-3918,China,Gansu,consumer,Gansu Yancheng
775,Olive,Ann,774 915-8020,China,Liaoning,consumer,Liaoning Chifeng
776,Oliver,Joanna,262 547-3690,Uruguay,International,consumer,International Montevideo
777,Olivia,Praised,647 089-1364,China,Anhui,consumer,Anhui Wuwei
778,Ollie,Eileen,567 121-3710,China,Shanxi,consumer,Shanxi Guiyang
779,Omar,Lionel,508 721-3609,China,Liaoning,consumer,Liaoning Fengcheng
780,Opal,Wilbur,816 963-8881,China,Shanghai,consumer,Shanghai Jilin
781,Orson,Silas,302 579-0496,China,Shanxi,consumer,Shanxi Dingzhou
782,Orville,Timothea,260 890-3423,China,Jiangxi,consumer,Jiangxi Pingxiang
783,Osbert,Talia,212 517-2321,China,Anhui,consumer,Anhui Kaiping
784,Oscar,Elena,802 925-4925,China,Hong Kong,consumer,Hong Kong Ningde
785,Osmond,Ada,704 015-1468,China,Hong Kong,consumer,Hong Kong Guiyang
786,Oswald,Eleanor,573 974-5776,China,Shanxi,consumer,Shanxi Sanming
787,Otis,Lilly,850 054-6428,China,Tianjin,consumer,Tianjin Beiliu
788,Paddy,Linette,251 898-2839,China,Guangdong,consumer,Guangdong Bei'an
789,Pamela,Orlantha,228 674-5364,China,Ningxia,consumer,Ningxia Panzhou
790,Pancras,Olive,430 563-5371,China,Hong Kong,consumer,Hong Kong Qingyang
791,Pandora,Lionard,913 656-0818,China,Qinghai,consumer,Qinghai Gaizhou
792,Pansy,Falcon,203 759-4217,China,Xinjiang,consumer,Xinjiang Jieshou
793,Pat,Hunter,765 546-8141,China,Zhejiang,consumer,Zhejiang Tangshan
794,Patience,Harold,613 325-1930,China,Hainan,consumer,Hainan Changle
795,Patricia,Udolf,367 054-6126,Indonesia,International,consumer,International Pekalongan
796,Patrick,Blooming,727 768-4265,China,Yunnan,consumer,Yunnan Xuancheng
797,Patsy,Renata,878 501-4947,Bahamas,International,consumer,International Nassau
798,Paul,Beard,574 079-4904,China,Zhejiang,consumer,Zhejiang Jinchang
799,Paula,Davin,416 802-5848,Namibia,International,consumer,International Windhoek
800,Pearce,Dawn,865 198-3746,Luxembourg,International,consumer,International Luxembourg
801,Pearl,Kody,570 629-9605,China,Shanxi,consumer,Shanxi Heihe
802,Peggy,Ezra,567 561-3246,Indonesia,International,consumer,International Batu
803,Penelope,Gardener,904 599-8232,China,Yunnan,staff,Yunnan Nangong
804,Perce,Declan,916 394-6020,China,Jiangsu,staff,Jiangsu Liling
805,Percival,Listener,475 642-6590,Belarus,International,consumer,International Minsk
806,Percy,Winston,510 085-0510,Papua New Guinea,International,consumer,International Port Moresby
807,Perry,Roger,937 453-6709,Tonga,International,consumer,International Nukuʻalofa
808,Peter,Freeman,458 542-3531,China,Chongqing,consumer,Chongqing Jinchang
809,Petra,Violet,740 511-0467,China,Shanghai,consumer,Shanghai Sansha
810,Petula,Tilda,571 611-6207,China,Chongqing,consumer,Chongqing Erenhot
811,Phil,Harvester,616 713-3259,China,Shandong,consumer,Shandong Chizhou
812,Philbert,White,978 582-4966,China,Qinghai,consumer,Qinghai Mudanjiang
813,Philip,Mandy,714 438-1158,China,Beijing,consumer,Beijing Beipiao
814,Philippa,Hal,365 422-5862,Indonesia,International,consumer,International Probolinggo
815,Philo,Salena,616 868-5827,South Korea,International,consumer,International Suwon
816,Philomena,Rhett,217 569-7686,China,Xinjiang,consumer,Xinjiang Jingmen
817,Phoebe,Page,409 376-7500,China,Tibet,consumer,Tibet Fushun
818,Phyllis,Gazelle,367 921-4407,China,Guizhou,consumer,Guizhou Liuzhou
819,Pierce,Drucilla,863 298-2782,China,Shaanxi,consumer,Shaanxi Jinchang
820,Piers,Mighty,435 429-7770,China,Liaoning,consumer,Liaoning Guigang
821,Pippa,Emery,570 481-1989,China,Liaoning,consumer,Liaoning Shanwei
822,Polly,Dark,430 752-8145,China,Ningxia,consumer,Ningxia Benxi
823,Poppy,Blueberry,620 961-5741,China,Anhui,consumer,Anhui Loudi
824,Primrose,Dean,562 331-7882,Bosnia and Herzegovina,International,consumer,International Sarajevo
825,Prudence,Mora,484 952-6398,China,Shanghai,consumer,Shanghai Jingxi
826,Prunella,Alina,813 329-8607,China,Guangxi,consumer,Guangxi Shangzhi
827,Queenie,Beth,239 460-9777,China,Hong Kong,consumer,Hong Kong Xinyu
828,Quentin,Hadden,828 633-0009,Nigeria,International,consumer,International Abuja
829,Quincy,Emmett,662 162-0681,Honduras,International,consumer,International Tegucigalpa
830,Quinn,Douglas,434 075-1752,China,Hong Kong,consumer,Hong Kong Yangchun
831,Quintus,Silver,640 495-9634,China,Yunnan,consumer,Yunnan Qitaihe
832,Rachel,Imogen,760 995-0355,Indonesia,International,consumer,International Bogor
833,Rafe,Lane,548 757-3993,China,Hainan,consumer,Hainan Meizhou
834,Raine,Larina,608 159-8921,China,Liaoning,consumer,Liaoning Shangrao
835,Ralph,Drew,660 840-2422,China,Sichuan,staff,Sichuan Dandong
836,Randall,Kane,501 192-4617,China,Zhejiang,consumer,Zhejiang Shaoyang
837,Randolph,Lacey,508 592-4045,China,Guangxi,consumer,Guangxi Fujin
838,Randy,Elroy,831 250-7649,United States,International,consumer,International Apache Junction
839,Raphael,Horace,517 176-9969,Equatorial Guinea,International,consumer,International Malabo
840,Ray,Harris,986 721-2945,China,Guangdong,consumer,Guangdong Gaobeidian
841,Raymond,Olin,272 292-6597,Kyrgyzstan,International,consumer,International Bishkek
842,Reanna,Hugh,774 819-2830,China,Zhejiang,consumer,Zhejiang Jiangyin
843,Reenie,Robin,267 435-1640,China,Shandong,consumer,Shandong Huanggang
844,Reg,Roderick,910 354-6912,Denmark,International,consumer,International Copenhagen
845,Reggie,Otis,431 363-4726,China,Shaanxi,consumer,Shaanxi Suzhou
846,Regina,Elga,617 484-2364,Bahamas,International,consumer,International Nassau
847,Reginald,Sheila,267 902-9286,China,Gansu,consumer,Gansu Shanwei
848,Reid,Germaine,763 497-5234,China,Hunan,consumer,Hunan Jingdezhen
849,Remus,Kiefer,830 255-8375,China,Anhui,consumer,Anhui Zhangzhou
850,Renfred,Lindsay,220 554-4543,Ecuador,International,consumer,International Quito
851,Rex,Primavera,470 917-0202,China,Beijing,consumer,Beijing Tangshan
852,Reynard,Bridget,365 461-7510,United States,International,consumer,International San Carlos
853,Rhoda,Estra,424 228-5382,China,Hunan,consumer,Hunan Jiaohe
854,Rich,Josephine,530 556-0010,China,Chongqing,staff,Chongqing Shaoguan
855,Richard,Lea,231 835-1596,China,Jiangxi,consumer,Jiangxi Chongqing
856,Richie,Dion,612 839-7170,China,Chongqing,consumer,Chongqing Handan
857,Ridley,Thomasina,214 673-2749,China,Jiangxi,consumer,Jiangxi Leiyang
858,Rikki,Denise,586 974-1871,China,Beijing,staff,Beijing Huainan
859,Riley,Sterling,206 459-1168,China,Tianjin,consumer,Tianjin Dengfeng
860,Rina,Divine,517 774-6808,China,Chongqing,consumer,Chongqing Daqing
861,Rita,Handsome,956 461-7965,China,Shanghai,consumer,Shanghai Jingzhou
862,Robert,Gaiety,781 649-8406,China,Tianjin,consumer,Tianjin Liling
863,Robin,Rosanne,430 770-9298,Kyrgyzstan,International,consumer,International Bishkek
864,Robin,Queenly,859 626-7084,China,Tianjin,consumer,Tianjin Huixian
865,Rocky,Matthew,807 596-1071,China,Zhejiang,consumer,Zhejiang Wuzhishan
866,Rod,Simona,402 580-0911,Montenegro,International,consumer,International Podgorica
867,Roderick,Luther,587 191-3225,China,Liaoning,consumer,Liaoning Ji'an
868,Rodney,Jasper,913 999-8173,China,Guizhou,consumer,Guizhou Guixi
869,Roger,Amber,781 678-5605,Namibia,International,consumer,International Windhoek
870,Roland,Eldwin,205 983-4685,China,Xinjiang,consumer,Xinjiang Xuzhou
871,Rolf,Olivia,769 693-6308,China,Tianjin,consumer,Tianjin Sanming
872,Roly,Fair-Haired,403 807-3871,China,Beijing,consumer,Beijing Yakeshi
873,Ronald,Patricia,989 796-0048,China,Liaoning,consumer,Liaoning Tonghua
874,Ronnie,Unwin,731 534-2797,China,Hong Kong,consumer,Hong Kong Xilinhot
875,Ronnie,Peacemaker,425 175-6882,China,Guizhou,consumer,Guizhou Chifeng
876,Rosalind,Natalie,430 569-7685,Zimbabwe,International,consumer,International Harare
877,Rose,Hayley,531 045-3234,Paraguay,International,consumer,International Asunción
878,Roseanne,Patriotic,747 542-9447,United States,International,consumer,International San Carlos
879,Rosemary,Nimble,772 612-5229,China,Tianjin,consumer,Tianjin Huanghua
880,Rosie,Drake,867 497-7560,Mauritania,International,consumer,International Nouakchott
881,Ross,Angelic,803 510-2391,China,Shaanxi,consumer,Shaanxi Lushan
882,Rowan,Maiden,608 603-2570,Uzbekistan,International,consumer,International Tashkent
883,Rowena,Odette,971 692-0919,Indonesia,International,consumer,International Semarang
884,Rowley,Erskine,548 374-6381,China,Sichuan,consumer,Sichuan Zunyi
885,Roxanne,Fiona,248 376-6241,China,Taiwan,consumer,Taiwan Tianjin
886,Roy,Heath,704 502-7857,Burkina Faso,International,consumer,International Ouagadougou
887,Royle,Frida,234 676-1875,China,Sichuan,consumer,Sichuan Linxiang
888,Ruby,Shining,646 009-8533,Brazil,International,consumer,International Brasília
889,Rufus,Nina,763 076-3807,China,Guangdong,consumer,Guangdong Wuxi
890,Rupert,Industrious,510 862-2115,China,Sichuan,consumer,Sichuan Quanzhou
891,Russ,Agnes,478 660-7487,China,Jiangxi,consumer,Jiangxi Changshu
892,Russell,Helen,801 497-4069,"Macedonia, Republic of",International,consumer,International Skopje
893,Rusty,Keegan,929 884-7294,United Kingdom,International,consumer,International London
894,Ryan,Denley,737 099-0254,Madagascar,International,consumer,International Antananarivo
895,Sabella,Jasmine,509 820-3587,China,Taiwan,consumer,Taiwan Shanghai
896,Sabrina,Maureen,510 571-6236,Latvia,International,consumer,International Riga
897,Sadie,Esmeralda,585 107-4100,China,Fujian,consumer,Fujian Jinshi
898,Sally,Walton,412 965-9199,China,Zhejiang,consumer,Zhejiang Bazhou
899,Samantha,Glenn,520 578-2642,China,Inner,consumer,Inner Liuyang
900,Samson,Isaac,860 676-8513,United States,International,consumer,International San Jose
901,Samuel,Marnia,902 311-3184,Guyana,International,consumer,International Georgetown
902,Sandford,Estelle,805 550-2532,Indonesia,International,consumer,International Jakarta
903,Sandra,Thora,438 040-5445,Pakistan,International,consumer,International Islamabad
904,Sandy,Egerton,732 060-6012,China,Jilin,consumer,Jilin Shishou
905,Sandy,Cub,405 943-3823,China,Qinghai,consumer,Qinghai Danzhou
906,Sanford,Montgomery,804 353-6741,China,Guizhou,consumer,Guizhou Ning'an
907,Sapphire,Leonard,202 565-6217,China,Zhejiang,consumer,Zhejiang Leping
908,Scarlett,Blind,380 184-9417,Senegal,International,consumer,International Dakar
909,Scott,Gertrude,279 155-8075,Dominican Republic,International,staff,International Santo Domingo
910,Sebastian,Tatum,825 905-1552,China,Shanghai,consumer,Shanghai Zhaoqing
911,Selena,Bethany,201 321-6971,Indonesia,International,consumer,International Bogor
912,Selwyn,Commander,405 350-4987,China,Beijing,consumer,Beijing Hulin
913,Seymour,Farrell,765 999-3973,Saint Kitts and Nevis,International,consumer,International Basseterre
914,Shane,Lynn,310 414-1988,China,Shandong,consumer,Shandong Maoming
915,Shannah,Lloyd,870 856-9143,China,Liaoning,consumer,Liaoning Panzhou
916,Shannon,Searcher,321 034-3159,China,Zhejiang,consumer,Zhejiang Ezhou
917,Sharon,Troy,339 803-0929,China,Liaoning,consumer,Liaoning Yancheng
918,Shaun,Gemstone,763 910-4950,Tonga,International,consumer,International Nukuʻalofa
919,Shawn,Gilroy,571 058-7632,China,Anhui,consumer,Anhui Mingguang
920,Sheila,Lane,805 867-8503,China,Ningxia,consumer,Ningxia Wuyishan
921,Sheldon,Warrior,218 404-2208,United States,International,consumer,International San Bernardino
922,Shelley,Hannah,209 308-1415,Slovenia,International,consumer,International Ljubljana
923,Shirley,Edeline,854 265-1025,South Sudan,International,consumer,International Juba
924,Sidney,Erin,825 062-3281,China,Tibet,consumer,Tibet Chaohu
925,Sigmund,Nerita,517 418-5948,Bangladesh,International,consumer,International Dhaka
926,Silver,Loveable,603 673-4623,China,Guangdong,consumer,Guangdong Hongjiang
927,Simon,Powerful,786 891-4746,United States,International,consumer,International San Bernardino
928,Sinclair,Lively,210 352-0725,United States,International,consumer,International San Carlos
929,Sissy,Frederica,985 910-4826,China,Gansu,consumer,Gansu Yingcheng
930,Skipper,Mabel,907 469-1541,China,Hainan,consumer,Hainan Dengzhou
931,Skye,Norseman,647 353-9687,Philippines,International,consumer,International Manila
932,Spencer,Lorraine,571 672-7097,China,Qinghai,consumer,Qinghai Qinhuangdao
933,Spike,Dale,702 225-5987,China,Gansu,consumer,Gansu Quanzhou
934,Stacy,Bess,484 225-8874,China,Heilongjiang,consumer,Heilongjiang Botou
935,Stan,Abigail,205 544-2289,Turkmenistan,International,consumer,International Ashgabat
936,Stanley,Zera,903 248-7245,China,Sichuan,consumer,Sichuan Fuzhou
937,Stephan,Mary,570 282-6135,China,Tibet,consumer,Tibet Chaohu
938,Stephen,Tanya,351 902-5396,Syria,International,consumer,International Damascus
939,Sterling,Orson,641 128-0442,China,Chongqing,consumer,Chongqing Gaobeidian
940,Stewart,Nobleman,450 579-7757,Denmark,International,consumer,International Copenhagen
941,Stuart,Juliana,787 900-6678,China,Gansu,consumer,Gansu Suzhou
942,Sue,Robin,206 852-8043,Samoa,International,consumer,International Apia
943,Summer,Earthy,337 536-1739,China,Chongqing,consumer,Chongqing Anyang
944,Susan,Harrison,332 716-0100,China,Sichuan,staff,Sichuan Sanhe
945,Sybil,Victorious,867 293-8192,United States,International,consumer,International San Gabriel
946,Sybil,Stephen,772 806-2401,Costa Rica,International,consumer,International San José
947,Sylvester,Sean,919 105-2204,China,Zhejiang,consumer,Zhejiang Yima
948,Sylvia,Lowell,604 066-4016,China,Shaanxi,consumer,Shaanxi Xinyang
949,Tad,Diana,954 825-9951,China,Sichuan,consumer,Sichuan Lengshuijiang
950,Tammy,Shirley,708 556-2068,China,Sichuan,consumer,Sichuan Jian'ou
951,Tamsin,Noblewoman,351 661-1317,China,Ningxia,consumer,Ningxia Jingjiang
952,Tansy,Donald,662 420-9303,China,Shanxi,consumer,Shanxi Hebi
953,Tara,Mariner,931 366-0335,China,Hong Kong,staff,Hong Kong Ruzhou
954,Tasha,Quimby,573 111-4002,China,Tibet,consumer,Tibet Ulanhot
955,Tawny,Louis,404 159-0629,Nicaragua,International,consumer,International Managua
956,Taylor,Stream,336 588-5966,China,Qinghai,consumer,Qinghai Dingzhou
957,Ted,Spencer,585 482-3469,United States,International,consumer,International San Dimas
958,Teddy,Agatha,564 894-0396,United Arab Emirates,International,consumer,International Abu Dhabi
959,Terence,Majestic,772 215-5876,China,Qinghai,consumer,Qinghai Tianchang
960,Teri,Lolita,319 007-1703,Norway,International,consumer,International Oslo
961,Terry,Effie,937 257-3115,South Korea,International,consumer,International Uiwang
962,Tessa,Dominique,220 083-2390,Guinea-Bissau,International,consumer,International Bissau
963,Thelma,Zelda,936 791-0340,Mali,International,consumer,International Bamako
964,Theo,Kerry,615 616-0078,Dominica,International,staff,International Roseau
965,Theo,Dermot,475 672-7066,China,Shaanxi,consumer,Shaanxi Jiamusi
966,Theobold,Quentin,380 169-2412,Rwanda,International,staff,International Kigali
967,Theodore,Bonnie,530 767-3441,Belarus,International,consumer,International Minsk
968,Thomas,Gerard,725 401-9586,China,Fujian,consumer,Fujian Xiangcheng
969,Tiffany,Justin,956 846-4425,Palau,International,consumer,International Ngerulmud
970,Tilda,Neal,601 622-7155,China,Jiangsu,consumer,Jiangsu Xuzhou
971,Timothy,Hadley,567 479-7466,China,Hubei,consumer,Hubei Honghu
972,Toby,Maria,862 132-9592,China,Shanxi,consumer,Shanxi Anda
973,Todd,Maurice,551 274-8573,Belarus,International,consumer,International Minsk
974,Tom,Felicia,684 061-8498,China,Macau,consumer,Macau Beipiao
975,Tommy,Honor,856 669-4827,Slovakia,International,consumer,International Bratislava
976,Tony,Eudora,774 885-0328,Indonesia,International,consumer,International Malang
977,Tori,Morgan,541 729-8739,China,Jiangsu,consumer,Jiangsu Sanming
978,Tracy,Giffy,475 981-1261,China,Taiwan,staff,Taiwan Gaozhou
979,Travis,Virtuous,352 384-7364,China,Shaanxi,consumer,Shaanxi Mengzhou
980,Trina,Warlike,408 429-6492,China,Fujian,consumer,Fujian Longyan
981,Trisha,Victorious,250 708-5304,China,Hebei,consumer,Hebei Mengzhou
982,Tristan,Shelley,202 693-2402,China,Tianjin,consumer,Tianjin Wuchang
983,Tristram,Danielle,203 755-7481,China,Shanxi,consumer,Shanxi Tonghua
984,Trixie,Udele,609 221-7426,China,Beijing,consumer,Beijing Shaoshan
985,Troy,Ernest,908 212-7604,China,Jiangsu,consumer,Jiangsu Jurong
986,Trudy,Wolf,772 891-1586,China,Shandong,consumer,Shandong Linjiang
987,Truman,Damon,859 131-8326,Canada,International,consumer,International Ottawa
988,Tyler,Bernadette,769 851-5488,China,Beijing,consumer,Beijing Anshun
989,Tyrone,Noelle,614 860-7969,China,Hainan,consumer,Hainan Handan
990,Ulric,Sibley,607 805-5767,United States,International,staff,International San Francisco
991,Unity,June,240 796-9445,Djibouti,International,consumer,International Djibouti
992,Urban,Beautiful,934 056-7481,China,Gansu,consumer,Gansu Beijing
993,Ursa,Toby,862 095-7147,Togo,International,consumer,International Lomé
994,Ursula,Landon,850 550-7522,China,Hong Kong,consumer,Hong Kong Beizhen
995,Val,Blessed,215 223-4260,China,Liaoning,consumer,Liaoning Suihua
996,Valda,Melinda,726 289-6664,San Marino,International,consumer,International San Marino
997,Valene,Ivory,530 781-6290,China,Shaanxi,consumer,Shaanxi Xuchang
998,Valentine,Riley,213 278-2354,China,Liaoning,consumer,Liaoning Dongtai
999,Valerie,Edric,423 923-4391,China,Hainan,staff,Hainan Putian
1000,Vanessa,Zera,636 421-5781,China,Shaanxi,staff,Shaanxi Yulin
1001,Velma,Ethen,640 235-4407,United Kingdom,International,consumer,International London
1002,Vere,Fair-Haired,562 774-7940,China,Hunan,consumer,Hunan Nantong
1003,Vere,Soldier,267 360-3560,China,Tianjin,consumer,Tianjin Ma'anshan
1004,Vergil,Imogene,431 290-9165,China,Taiwan,consumer,Taiwan Laohekou
1005,Verity,Wanderer,717 842-1999,China,Hunan,consumer,Hunan Sanhe
1006,Vernon,Irvin,920 684-1229,China,Tianjin,consumer,Tianjin Fuquan
1007,Verona,Kit,220 831-2244,China,Taiwan,consumer,Taiwan Danjiangkou
1008,Vicky,Ives,902 448-6892,China,Jilin,consumer,Jilin Bei'an
1009,Victor,Wesley,334 803-9072,China,Liaoning,consumer,Liaoning Beizhen
1010,Victoria,Georgiana,267 472-8630,China,Zhejiang,consumer,Zhejiang Chizhou
1011,Vince,Orlantha,269 552-7484,China,Jiangxi,consumer,Jiangxi Duyun
1012,Vincent,Ross,380 000-1628,China,Zhejiang,staff,Zhejiang Jian'ou
1013,Viola,Fox,916 673-1533,Estonia,International,consumer,International Tallinn
1014,Violet,Geraldine,709 280-6247,United Kingdom,International,consumer,International London
1015,Virgil,Goddard,848 953-2074,United States,International,consumer,International Buckeye
1016,Virginia,Female,973 014-4148,China,Shanghai,consumer,Shanghai Maoming
1017,Vita,Eldon,859 746-1927,Uruguay,International,consumer,International Montevideo
1018,Vivian,Gideon,442 157-1718,China,Shandong,consumer,Shandong Nanping
1019,Waally,Arleen,618 661-5734,China,Hubei,consumer,Hubei Nangong
1020,Wade,Amiable,979 266-0363,Croatia,International,consumer,International Zagreb
1021,Waldo,Alanna,334 967-2145,China,Taiwan,consumer,Taiwan Yichang
1022,Wallace,Eli,867 107-6624,Colombia,International,consumer,International Bogotá
1023,Walter,James,864 032-2914,China,Liaoning,consumer,Liaoning Wuwei
1024,Wanda,Selene,856 271-6623,China,Taiwan,consumer,Taiwan Yanshi
1025,Ward,Free,956 733-6518,China,Shanxi,consumer,Shanxi Rugao
1026,Warren,Sorrowful,310 685-7092,United States,International,consumer,International Benson
1027,Warwick,Maiden,223 689-3563,Cape Verde,International,consumer,International Praia
1028,Watkin,Jimmy,913 353-8168,China,Shanxi,consumer,Shanxi Yichun
1029,Wayne,Nonfriend,709 046-1912,China,Shanghai,consumer,Shanghai Chenzhou
1030,Webster,Eve,319 796-5001,Nigeria,International,consumer,International Abuja
1031,Wendy,Montgomery,825 242-6386,China,Zhejiang,consumer,Zhejiang Shangrao
1032,Wesley,Fergal,269 588-4467,China,Shanxi,consumer,Shanxi Ningde
1033,Whitney,Brina,530 549-6117,China,Guangdong,consumer,Guangdong Honghu
1034,Wilberforce,Willette,236 475-7943,Mozambique,International,consumer,International Maputo
1035,Wilbur,Dutiful,303 621-8159,China,Tianjin,consumer,Tianjin Lianyuan
1036,Wilfrid,Smalls,463 254-5469,China,Shanxi,consumer,Shanxi Hulin
1037,Will,Shirley,512 926-1605,China,Qinghai,consumer,Qinghai Yiyang
1038,Willa,Olin,605 596-8791,China,Hainan,consumer,Hainan Wugang
1039,Willard,Thalia,803 186-6452,China,Liaoning,staff,Liaoning Longyan
1040,William,Percy,551 511-8641,China,Gansu,staff,Gansu Yushu
1041,Willow,Efrain,778 342-9181,China,Qinghai,consumer,Qinghai Hengshui
1042,Wilmot,Moorish,602 107-7534,China,Henan,consumer,Henan Xuchang
1043,Wilona,Anita,319 258-7864,China,Guizhou,consumer,Guizhou Xinyang
1044,Windsor,Egerton,931 153-5161,United States,International,consumer,International San Jacinto
1045,Winifred,Lion-like,573 089-8059,China,Yunnan,consumer,Yunnan Dalian
1046,Winston,Relic,408 294-6030,United States,International,consumer,International San Fernando
1047,Winthrop,Winston,458 092-7079,Bosnia and Herzegovina,International,consumer,International Sarajevo
1048,Winton,Regal,380 164-7282,China,Shanghai,consumer,Shanghai Qinhuangdao
1049,Woody,Sorro,707 292-8696,China,Hainan,consumer,Hainan Beihai
1050,Wynne,Spencer,613 057-9082,China,Beijing,consumer,Beijing Yingde
1051,Xenia,Donna,445 742-0011,China,Hong Kong,staff,Hong Kong Shanwei
1052,Xenthe,Amaryllis,609 526-6175,China,Shanxi,consumer,Shanxi Jingdezhen
1053,Yasmin,Michael,985 233-1525,China,Shandong,consumer,Shandong Jieyang
1054,Yolanda,Leigh,276 969-8426,China,Shandong,consumer,Shandong Zhuhai
1055,Zach,Powerful,779 514-8610,China,Shanxi,staff,Shanxi Dingzhou
1056,Zachary,Famous,254 600-5367,Ukraine,International,consumer,International Kiev
1057,Zanna,Matilda,682 347-0600,China,Liaoning,consumer,Liaoning Hailun
1058,Zelda,Alda,947 405-5498,China,Shanxi,consumer,Shanxi Ningde
1059,Zelene,Olivy,361 534-7809,China,Tianjin,consumer,Tianjin Chibi
1060,Zeph,Happy,865 412-0872,China,Shandong,staff,Shandong Qitaihe
1061,Zera,Victors,321 423-7981,China,Tianjin,consumer,Tianjin Xinxiang
1062,Zoe,Prudence,308 117-047,China,Sichuan,consumer,Sichuan Huizhou
